collision_reward,right_lane_reward,high_speed_reward,on_road_reward,safe_distance_reward,left_vehicle_overtaken_reward,smooth_driving_reward
0.0,0.5,0.934156378600823,1.0,1,0,0
0.0,0.5,0.9913292350420836,1.0,1,0,1
0.0,0.5,0.9988581708697393,1.0,1,0,1
0.0,0.5,0.999849635670089,1.0,1,0,1
0.0,0.5,0.9999801989359789,1.0,1,1,1
0.0,0.5,0.9999973924524745,1.0,1,0,1
0.0,0.5,0.9999996566192557,1.0,1,0,1
0.0,0.5,0.9999999547811367,1.0,1,0,1
0.0,0.5,0.9999999940452525,1.0,1,0,1
0.0,0.5,0.9999999992158358,1.0,1,1,1
0.0,0.5,0.9999999998967357,1.0,1,0,1
0.0,0.5,0.9999999999864013,1.0,1,0,1
0.0,0.5,0.9999999999982091,1.0,1,0,1
0.0,0.5,0.9999999999997641,1.0,1,0,1
0.0,0.5,0.9999999999999691,1.0,1,0,1
0.0,0.5,0.9999999999999961,1.0,1,1,1
0.0,0.0,0.9982299950659475,1.0,1,0,1
0.0,0.0,0.9999995797586955,1.0,1,0,1
0.0,0.0,0.9999999999972357,1.0,1,0,1
0.0,0.0,0.9999999999999574,1.0,1,0,1
0.0,0.0,0.9999999999999997,1.0,1,0,1
1.0,0.0,0.9999999999999997,1.0,1,0,1
0.0,1.0,0.934156378600823,1.0,1,0,0
0.0,1.0,0.9913292350420836,1.0,1,0,1
1.0,1.0,0.9988581708697393,1.0,1,0,1
0.0,1.0,0.934156378600823,1.0,1,0,0
1.0,1.0,0.38959508205050036,1.0,-0.6322247234228258,0,0
0.0,0.0,0.934156378600823,1.0,1,0,0
0.0,0.0,0.9913292350420836,1.0,1,0,1
0.0,0.0,0.9988581708697393,1.0,1,0,1
0.0,0.0,0.999849635670089,1.0,1,0,1
0.0,0.0,0.9999801989359789,1.0,1,0,1
0.0,0.0,0.9999973924524745,1.0,1,0,1
0.0,0.0,0.9999996566192557,1.0,1,0,1
0.0,0.0,0.9999999547811367,1.0,1,0,1
0.0,0.0,0.9999999940452525,1.0,1,0,1
0.0,0.0,0.9999999992158358,1.0,1,0,1
0.0,0.0,0.9999999998967357,1.0,1,0,1
0.0,0.0,0.9999999999864013,1.0,1,0,1
0.0,0.0,0.9999999999982091,1.0,1,0,1
0.0,0.0,0.9999999999997641,1.0,1,0,1
0.0,0.0,0.9999999999999691,1.0,1,0,1
0.0,0.0,0.9999999999999961,1.0,1,0,1
1.0,0.0,0.9999999999999997,1.0,-0.0,0,1
0.0,0.0,0.934156378600823,1.0,1,0,0
0.0,0.0,0.9913292350420836,1.0,1,0,1
0.0,0.0,0.9988581708697393,1.0,1,0,1
0.0,0.0,0.999849635670089,1.0,1,0,1
0.0,0.0,0.9999801989359789,1.0,1,0,1
0.0,0.0,0.9999973924524745,1.0,1,0,1
1.0,0.0,0.39999958794310686,1.0,-0.0,0,0
0.0,0.0,0.934156378600823,1.0,1,0,0
0.0,0.0,0.9913292350420836,1.0,1,0,1
1.0,0.0,0.3986298050436872,1.0,1,0,0
0.0,1.0,0.934156378600823,1.0,1,0,0
0.0,1.0,0.9913292350420836,1.0,1,0,1
0.0,1.0,0.9988581708697393,1.0,1,1,1
0.0,1.0,0.999849635670089,1.0,1,0,1
0.0,1.0,0.9999801989359789,1.0,1,0,1
1.0,1.0,0.39999687094296943,1.0,-0.0,0,0
0.0,1.0,0.934156378600823,1.0,1,0,0
0.0,1.0,0.9913292350420836,1.0,1,0,1
0.0,1.0,0.9988581708697393,1.0,1,0,1
0.0,1.0,0.999849635670089,1.0,1,0,1
0.0,1.0,0.9999801989359789,1.0,1,1,1
0.0,1.0,0.9999973924524745,1.0,1,0,1
0.0,1.0,0.9999996566192557,1.0,1,0,1
0.0,1.0,0.9999999547811367,1.0,1,1,1
1.0,1.0,0.0,1.0,1,0,0
0.0,1.0,0.934156378600823,1.0,1,0,0
0.0,1.0,0.9913292350420836,1.0,1,0,1
0.0,1.0,0.9988581708697393,1.0,1,1,1
0.0,1.0,0.999849635670089,1.0,1,0,1
0.0,1.0,0.9999801989359789,1.0,1,1,1
0.0,1.0,0.9999973924524745,1.0,1,0,1
0.0,1.0,0.9999996566192557,1.0,1,0,1
0.0,1.0,0.9999999547811367,1.0,1,0,1
0.0,1.0,0.9999999940452525,1.0,1,1,1
1.0,1.0,0.0,1.0,1,0,0
0.0,0.5,0.934156378600823,1.0,1,0,0
0.0,0.5,0.9913292350420836,1.0,1,0,1
0.0,0.5,0.9988581708697393,1.0,1,0,1
0.0,0.5,0.999849635670089,1.0,1,0,1
0.0,0.5,0.9999801989359789,1.0,1,0,1
0.0,0.5,0.9999973924524745,1.0,1,0,1
1.0,0.5,0.39999958794310686,1.0,-0.42998612537827513,1,0
0.0,0.0,0.934156378600823,1.0,1,0,0
0.0,0.0,0.9913292350420836,1.0,1,0,1
0.0,0.0,0.9988581708697393,1.0,1,0,1
0.0,0.0,0.999849635670089,1.0,1,0,1
0.0,0.0,0.9999801989359789,1.0,1,0,1
0.0,0.0,0.9999973924524745,1.0,1,0,1
0.0,0.0,0.9999996566192557,1.0,1,0,1
0.0,0.0,0.9999999547811367,1.0,1,0,1
0.0,0.0,0.9999999940452525,1.0,1,0,1
0.0,0.0,0.9999999992158358,1.0,1,0,1
0.0,0.0,0.9999999998967357,1.0,1,0,1
0.0,0.0,0.9999999999864013,1.0,1,0,1
0.0,0.0,0.9999999999982091,1.0,1,0,1
1.0,0.0,0.9999999999997641,1.0,-0.0,0,1
0.0,0.0,0.934156378600823,1.0,1,0,0
0.0,0.0,0.9913292350420836,1.0,1,0,1
1.0,0.0,0.0,1.0,-0.7600412875872223,0,0
0.0,1.0,0.934156378600823,1.0,1,0,0
0.0,1.0,0.9913292350420836,1.0,1,0,1
0.0,1.0,0.9988581708697393,1.0,1,0,1
0.0,1.0,0.999849635670089,1.0,1,0,1
0.0,1.0,0.9999801989359789,1.0,1,1,1
0.0,1.0,0.9999973924524745,1.0,1,0,1
0.0,1.0,0.9999996566192557,1.0,1,0,1
0.0,1.0,0.9999999547811367,1.0,1,0,1
0.0,1.0,0.9999999940452525,1.0,1,0,1
0.0,1.0,0.9999999992158358,1.0,1,1,1
0.0,1.0,0.9999999998967357,1.0,1,0,1
0.0,1.0,0.9999999999864013,1.0,1,0,1
0.0,1.0,0.9999999999982091,1.0,1,0,1
0.0,1.0,0.9999999999997641,1.0,1,0,1
1.0,1.0,0.0,1.0,-0.0,0,0
0.0,0.0,0.934156378600823,1.0,1,0,0
1.0,0.0,0.38959508205050036,1.0,-0.47749638448012777,0,0
0.0,0.0,0.934156378600823,1.0,1,0,0
0.0,0.0,0.9913292350420836,1.0,1,0,1
0.0,0.0,0.9988581708697393,1.0,1,0,1
0.0,0.0,0.999849635670089,1.0,1,0,1
1.0,0.0,0.0,1.0,1,0,0
0.0,0.0,0.934156378600823,1.0,1,0,0
0.0,0.0,0.9913292350420836,1.0,1,0,1
0.0,0.0,0.9988581708697393,1.0,1,0,1
0.0,0.0,0.999849635670089,1.0,1,0,1
1.0,0.0,0.0,1.0,1,0,0
0.0,0.5,0.934156378600823,1.0,1,0,0
0.0,0.5,0.9913292350420836,1.0,1,0,1
0.0,0.5,0.9988581708697393,1.0,1,1,1
0.0,0.5,0.999849635670089,1.0,1,0,1
0.0,0.5,0.9999801989359789,1.0,1,0,1
0.0,0.5,0.9999973924524745,1.0,1,1,1
1.0,0.5,0.9999996566192557,1.0,-0.0,0,1
0.0,0.5,0.934156378600823,1.0,1,0,0
0.0,0.5,0.9913292350420836,1.0,1,0,1
0.0,0.5,0.9988581708697393,1.0,1,1,1
0.0,0.5,0.999849635670089,1.0,1,0,1
1.0,0.5,0.0,1.0,1,0,0
0.0,1.0,0.934156378600823,1.0,1,0,0
0.0,1.0,0.9913292350420836,1.0,1,0,1
0.0,1.0,0.9988581708697393,1.0,1,0,1
0.0,1.0,0.999849635670089,1.0,1,0,1
0.0,1.0,0.9999801989359789,1.0,1,1,1
0.0,1.0,0.9999973924524745,1.0,1,0,1
0.0,1.0,0.9999996566192557,1.0,1,0,1
0.0,1.0,0.9999999547811367,1.0,1,0,1
0.0,1.0,0.9999999940452525,1.0,1,1,1
0.0,1.0,0.9999999992158358,1.0,1,0,1
0.0,1.0,0.9999999998967357,1.0,1,1,1
1.0,1.0,0.9999999999864013,1.0,1,0,1
0.0,0.5,0.934156378600823,1.0,1,0,0
0.0,0.5,0.9913292350420836,1.0,1,1,1
0.0,0.5,0.9988581708697393,1.0,1,0,1
0.0,0.5,0.999849635670089,1.0,1,0,1
0.0,0.5,0.9999801989359789,1.0,1,0,1
0.0,0.5,0.9999973924524745,1.0,1,0,1
0.0,0.5,0.9999996566192557,1.0,1,1,1
0.0,0.5,0.9999999547811367,1.0,1,0,1
0.0,0.5,0.9999999940452525,1.0,1,0,1
0.0,0.5,0.9999999992158358,1.0,1,0,1
0.0,0.5,0.9999999998967357,1.0,1,1,1
0.0,0.5,0.9999999999864013,1.0,1,0,1
0.0,0.5,0.9999999999982091,1.0,1,0,1
0.0,0.5,0.9999999999997641,1.0,1,0,1
0.0,0.5,0.9999999999999691,1.0,1,0,1
0.0,0.5,0.9999999999999961,1.0,1,1,1
1.0,0.5,0.0,1.0,1,0,0
0.0,0.5,0.934156378600823,1.0,1,0,0
0.0,0.5,0.9913292350420836,1.0,1,0,1
1.0,0.5,0.3986298050436872,1.0,1,0,0
0.0,0.0,0.934156378600823,1.0,1,0,0
0.0,0.0,0.9913292350420836,1.0,1,0,1
0.0,0.0,0.9988581708697393,1.0,1,0,1
1.0,0.0,0.0,1.0,-0.0,0,0
0.0,1.0,0.934156378600823,1.0,1,0,0
0.0,1.0,0.9913292350420836,1.0,1,0,1
0.0,1.0,0.9988581708697393,1.0,1,1,1
0.0,1.0,0.999849635670089,1.0,1,0,1
0.0,1.0,0.9999801989359789,1.0,1,0,1
0.0,1.0,0.9999973924524745,1.0,1,1,1
0.0,1.0,0.9999996566192557,1.0,1,0,1
0.0,1.0,0.9999999547811367,1.0,1,0,1
1.0,0.5,0.0,1.0,1,0,0
0.0,1.0,0.934156378600823,1.0,1,0,0
0.0,1.0,0.9913292350420836,1.0,1,0,1
0.0,1.0,0.9988581708697393,1.0,1,0,1
0.0,1.0,0.999849635670089,1.0,1,1,1
0.0,1.0,0.9999801989359789,1.0,1,0,1
1.0,1.0,0.9999973924524745,1.0,1,0,1
0.0,0.0,0.934156378600823,1.0,1,0,0
0.0,0.0,0.9913292350420836,1.0,1,0,1
0.0,0.0,0.9988581708697393,1.0,1,0,1
0.0,0.0,0.999849635670089,1.0,1,0,1
0.0,0.0,0.9999801989359789,1.0,1,0,1
0.0,0.0,0.9999973924524745,1.0,1,0,1
0.0,0.0,0.9999996566192557,1.0,1,0,1
0.0,0.0,0.9999999547811367,1.0,1,0,1
0.0,0.0,0.9999999940452525,1.0,1,0,1
0.0,0.0,0.9999999992158358,1.0,1,0,1
0.0,0.0,0.9999999998967357,1.0,1,0,1
0.0,0.0,0.9999999999864013,1.0,1,0,1
0.0,0.0,0.9999999999982091,1.0,1,0,1
1.0,0.0,0.0,1.0,-0.0,0,0
0.0,0.0,0.934156378600823,1.0,1,0,0
0.0,0.0,0.9913292350420836,1.0,1,0,1
0.0,0.0,0.9988581708697393,1.0,1,0,1
0.0,0.0,0.999849635670089,1.0,1,0,1
0.0,0.0,0.9999801989359789,1.0,1,0,1
0.0,0.0,0.9999973924524745,1.0,1,0,1
0.0,0.0,0.9999996566192557,1.0,1,0,1
1.0,0.0,0.0,1.0,1,0,0
0.0,1.0,0.934156378600823,1.0,1,0,0
0.0,1.0,0.9913292350420836,1.0,1,0,1
0.0,1.0,0.9988581708697393,1.0,1,0,1
0.0,1.0,0.999849635670089,1.0,1,1,1
0.0,1.0,0.9999801989359789,1.0,1,0,1
0.0,1.0,0.9999973924524745,1.0,1,1,1
0.0,1.0,0.9999996566192557,1.0,1,0,1
0.0,1.0,0.9999999547811367,1.0,1,0,1
0.0,1.0,0.9999999940452525,1.0,1,0,1
0.0,1.0,0.9999999992158358,1.0,1,0,1
0.0,1.0,0.9999999998967357,1.0,1,1,1
0.0,1.0,0.9999999999864013,1.0,1,0,1
0.0,1.0,0.9999999999982091,1.0,1,0,1
1.0,1.0,0.9999999999997641,1.0,-0.0,0,1
0.0,1.0,0.934156378600823,1.0,1,0,0
0.0,1.0,0.9913292350420836,1.0,1,0,1
1.0,1.0,0.0,1.0,-0.0,0,0
0.0,0.5,0.934156378600823,1.0,1,0,0
0.0,0.5,0.9913292350420836,1.0,1,0,1
0.0,0.5,0.9988581708697393,1.0,1,0,1
0.0,0.5,0.999849635670089,1.0,1,0,1
0.0,0.5,0.9999801989359789,1.0,1,0,1
0.0,0.5,0.9999973924524745,1.0,1,0,1
0.0,0.5,0.9999996566192557,1.0,1,1,1
0.0,0.5,0.9999999547811367,1.0,1,0,1
0.0,0.5,0.9999999940452525,1.0,1,0,1
1.0,0.5,0.0,1.0,1,0,0
0.0,0.5,0.934156378600823,1.0,1,0,0
0.0,0.5,0.9913292350420836,1.0,1,0,1
0.0,0.5,0.9988581708697393,1.0,1,0,1
0.0,0.5,0.999849635670089,1.0,1,1,1
0.0,0.5,0.9999801989359789,1.0,1,0,1
0.0,0.5,0.9999973924524745,1.0,1,0,1
0.0,0.5,0.9999996566192557,1.0,1,0,1
0.0,0.5,0.9999999547811367,1.0,1,0,1
1.0,0.5,0.0,1.0,-0.0,0,0
0.0,0.5,0.934156378600823,1.0,1,0,0
0.0,0.5,0.9913292350420836,1.0,1,0,1
0.0,0.5,0.9988581708697393,1.0,1,0,1
0.0,0.5,0.999849635670089,1.0,1,0,1
0.0,0.5,0.9999801989359789,1.0,1,1,1
0.0,0.5,0.9999973924524745,1.0,1,0,1
0.0,0.5,0.9999996566192557,1.0,1,0,1
0.0,0.5,0.9999999547811367,1.0,1,0,1
0.0,0.5,0.9999999940452525,1.0,1,0,1
0.0,0.5,0.9999999992158358,1.0,1,1,1
1.0,0.5,0.9999999998967357,1.0,-0.0,0,1
0.0,0.5,0.934156378600823,1.0,1,0,0
0.0,0.5,0.9913292350420836,1.0,1,0,1
0.0,0.5,0.9988581708697393,1.0,1,1,1
0.0,0.5,0.999849635670089,1.0,1,0,1
0.0,0.5,0.9999801989359789,1.0,1,0,1
0.0,0.5,0.9999973924524745,1.0,1,0,1
0.0,0.5,0.9999996566192557,1.0,1,0,1
1.0,0.0,0.9982299500379153,1.0,1,0,1
0.0,0.5,0.934156378600823,1.0,1,0,0
0.0,0.5,0.9913292350420836,1.0,1,0,1
1.0,0.5,0.3986298050436872,1.0,-0.0,0,0
0.0,1.0,0.934156378600823,1.0,1,0,0
0.0,1.0,0.9913292350420836,1.0,1,0,1
1.0,1.0,0.0,1.0,-0.0,0,0
0.0,0.5,0.934156378600823,1.0,1,0,0
0.0,0.5,0.9913292350420836,1.0,1,0,1
0.0,0.5,0.9988581708697393,1.0,1,1,1
0.0,0.5,0.999849635670089,1.0,1,0,1
0.0,0.5,0.9999801989359789,1.0,1,0,1
0.0,0.5,0.9999973924524745,1.0,1,0,1
0.0,0.5,0.9999996566192557,1.0,1,0,1
0.0,0.5,0.9999999547811367,1.0,1,0,1
0.0,0.5,0.9999999940452525,1.0,1,0,1
0.0,0.5,0.9999999992158358,1.0,1,1,1
0.0,0.0,0.9982299949631195,1.0,1,0,1
0.0,0.0,0.9999995797450975,1.0,1,0,1
0.0,0.0,0.9999999999954451,1.0,1,0,1
1.0,0.0,0.39999999999957686,1.0,-0.41294995983480476,0,0
0.0,1.0,0.934156378600823,1.0,1,0,0
0.0,1.0,0.9913292350420836,1.0,1,0,1
0.0,1.0,0.9988581708697393,1.0,1,1,1
0.0,1.0,0.999849635670089,1.0,1,0,1
1.0,1.0,0.9999801989359789,1.0,-0.0,0,1
0.0,1.0,0.934156378600823,1.0,1,0,0
0.0,1.0,0.9913292350420836,1.0,1,0,1
1.0,1.0,0.0,1.0,-0.7544122718257995,0,0
0.0,0.5,0.934156378600823,1.0,1,0,0
0.0,0.5,0.9913292350420836,1.0,1,0,1
0.0,0.5,0.9988581708697393,1.0,1,0,1
0.0,0.5,0.999849635670089,1.0,1,0,1
1.0,0.0,0.0,1.0,1,0,0
0.0,0.0,0.934156378600823,1.0,1,0,0
0.0,0.0,0.9913292350420836,1.0,1,0,1
0.0,0.0,0.9988581708697393,1.0,1,0,1
0.0,0.0,0.999849635670089,1.0,1,0,1
0.0,0.0,0.9999801989359789,1.0,1,0,1
0.0,0.0,0.9999973924524745,1.0,1,0,1
0.0,0.0,0.9999996566192557,1.0,1,0,1
0.0,0.0,0.9999999547811367,1.0,1,0,1
0.0,0.0,0.9999999940452525,1.0,1,0,1
1.0,0.0,0.0,1.0,-0.9780196932705053,0,0
0.0,1.0,0.934156378600823,1.0,1,0,0
0.0,1.0,0.9913292350420836,1.0,1,0,1
1.0,1.0,0.0,1.0,1,0,0
0.0,0.5,0.934156378600823,1.0,1,0,0
0.0,0.5,0.9913292350420836,1.0,1,0,1
0.0,0.5,0.9988581708697393,1.0,1,0,1
0.0,0.5,0.999849635670089,1.0,1,1,1
0.0,0.5,0.9999801989359789,1.0,1,0,1
0.0,0.5,0.9999973924524745,1.0,1,0,1
0.0,0.5,0.9999996566192557,1.0,1,0,1
0.0,0.5,0.9999999547811367,1.0,1,0,1
1.0,0.5,0.0,1.0,-0.0,0,0
0.0,0.0,0.934156378600823,1.0,1,0,0
0.0,0.0,0.9913292350420836,1.0,1,0,1
1.0,0.0,0.0,1.0,-0.0,0,0
0.0,1.0,0.934156378600823,1.0,1,0,0
0.0,1.0,0.9913292350420836,1.0,1,0,1
1.0,1.0,0.0,1.0,1,0,0
0.0,0.0,0.934156378600823,1.0,1,0,0
0.0,0.0,0.9913292350420836,1.0,1,0,1
0.0,0.0,0.9988581708697393,1.0,1,0,1
0.0,0.0,0.999849635670089,1.0,1,0,1
0.0,0.0,0.9999801989359789,1.0,1,0,1
0.0,0.0,0.9999973924524745,1.0,1,0,1
0.0,0.0,0.9999996566192557,1.0,1,0,1
0.0,0.0,0.9999999547811367,1.0,1,0,1
0.0,0.0,0.9999999940452525,1.0,1,0,1
0.0,0.0,0.9999999992158358,1.0,1,0,1
0.0,0.0,0.9999999998967357,1.0,1,0,1
0.0,0.0,0.9999999999864013,1.0,1,0,1
0.0,0.0,0.9999999999982091,1.0,1,0,1
0.0,0.0,0.9999999999997641,1.0,1,0,1
1.0,0.0,0.0,1.0,-0.0,0,0
0.0,1.0,0.934156378600823,1.0,1,0,0
0.0,1.0,0.9913292350420836,1.0,1,0,1
0.0,1.0,0.9988581708697393,1.0,1,1,1
0.0,1.0,0.999849635670089,1.0,1,0,1
0.0,1.0,0.9999801989359789,1.0,1,0,1
0.0,1.0,0.9999973924524745,1.0,1,1,1
0.0,1.0,0.9999996566192557,1.0,1,0,1
0.0,1.0,0.9999999547811367,1.0,1,0,1
0.0,1.0,0.9999999940452525,1.0,1,0,1
1.0,1.0,0.9999999992158358,1.0,-0.0,0,1
0.0,0.0,0.934156378600823,1.0,1,0,0
0.0,0.0,0.9913292350420836,1.0,1,0,1
0.0,0.0,0.9988581708697393,1.0,1,0,1
0.0,0.0,0.999849635670089,1.0,1,0,1
0.0,0.0,0.9999801989359789,1.0,1,0,1
0.0,0.0,0.9999973924524745,1.0,1,0,1
0.0,0.0,0.9999996566192557,1.0,1,0,1
1.0,0.0,0.0,1.0,-0.0,0,0
0.0,0.5,0.934156378600823,1.0,1,0,0
0.0,0.5,0.9913292350420836,1.0,1,0,1
0.0,0.5,0.9988581708697393,1.0,1,1,1
0.0,0.5,0.999849635670089,1.0,1,0,1
0.0,0.5,0.9999801989359789,1.0,1,0,1
0.0,0.5,0.9999973924524745,1.0,1,0,1
0.0,0.5,0.9999996566192557,1.0,1,1,1
0.0,0.5,0.9999999547811367,1.0,1,0,1
0.0,0.5,0.9999999940452525,1.0,1,0,1
1.0,0.5,0.399999999059003,1.0,-1.1368683772161604e-14,0,0
0.0,0.5,0.934156378600823,1.0,1,0,0
0.0,0.5,0.9913292350420836,1.0,1,0,1
0.0,0.5,0.9988581708697393,1.0,1,0,1
0.0,0.5,0.999849635670089,1.0,1,0,1
1.0,0.5,0.0,1.0,-0.0,0,0
0.0,0.5,0.934156378600823,1.0,1,0,0
0.0,0.5,0.9913292350420836,1.0,1,0,1
0.0,0.5,0.9988581708697393,1.0,1,1,1
0.0,0.5,0.999849635670089,1.0,1,0,1
0.0,0.5,0.9999801989359789,1.0,1,0,1
0.0,0.5,0.9999973924524745,1.0,1,0,1
0.0,0.5,0.9999996566192557,1.0,1,0,1
0.0,0.5,0.9999999547811367,1.0,1,1,1
1.0,0.5,0.399999992854303,1.0,-0.0,0,0
0.0,1.0,0.934156378600823,1.0,1,0,0
0.0,1.0,0.9913292350420836,1.0,1,0,1
0.0,1.0,0.9988581708697393,1.0,1,1,1
0.0,1.0,0.999849635670089,1.0,1,0,1
0.0,1.0,0.9999801989359789,1.0,1,1,1
0.0,1.0,0.9999973924524745,1.0,1,0,1
0.0,1.0,0.9999996566192557,1.0,1,0,1
0.0,1.0,0.9999999547811367,1.0,1,1,1
0.0,1.0,0.9999999940452525,1.0,1,0,1
0.0,1.0,0.9999999992158358,1.0,1,0,1
0.0,1.0,0.9999999998967357,1.0,1,0,1
0.0,1.0,0.9999999999864013,1.0,1,0,1
0.0,1.0,0.9999999999982091,1.0,1,1,1
0.0,1.0,0.9999999999997641,1.0,1,0,1
0.0,1.0,0.9999999999999691,1.0,1,0,1
0.0,1.0,0.9999999999999961,1.0,1,0,1
0.0,1.0,0.9999999999999997,1.0,1,0,1
0.0,1.0,0.9999999999999997,1.0,1,0,1
0.0,1.0,0.9999999999999997,1.0,1,0,1
0.0,1.0,0.9999999999999997,1.0,1,1,1
0.0,1.0,0.9999999999999997,1.0,1,0,1
0.0,1.0,0.9999999999999997,1.0,1,0,1
0.0,1.0,0.9999999999999997,1.0,1,0,1
1.0,1.0,0.0,1.0,-0.7245455144909329,0,0
0.0,0.5,0.934156378600823,1.0,1,0,0
0.0,0.5,0.9913292350420836,1.0,1,0,1
0.0,0.5,0.9988581708697393,1.0,1,0,1
0.0,0.5,0.999849635670089,1.0,1,1,1
0.0,0.5,0.9999801989359789,1.0,1,0,1
0.0,0.5,0.9999973924524745,1.0,1,0,1
0.0,0.5,0.9999996566192557,1.0,1,0,1
0.0,0.5,0.9999999547811367,1.0,1,0,1
0.0,0.5,0.9999999940452525,1.0,1,0,1
0.0,0.5,0.9999999992158358,1.0,1,0,1
0.0,0.5,0.9999999998967357,1.0,1,1,1
0.0,0.5,0.9999999999864013,1.0,1,0,1
0.0,0.5,0.9999999999982091,1.0,1,0,1
0.0,0.5,0.9999999999997641,1.0,1,0,1
1.0,0.5,0.0,1.0,1,0,0
0.0,1.0,0.934156378600823,1.0,1,0,0
0.0,1.0,0.9913292350420836,1.0,1,0,1
0.0,1.0,0.9988581708697393,1.0,1,1,1
0.0,1.0,0.999849635670089,1.0,1,0,1
0.0,1.0,0.9999801989359789,1.0,1,1,1
0.0,1.0,0.9999973924524745,1.0,1,0,1
0.0,1.0,0.9999996566192557,1.0,1,0,1
0.0,1.0,0.9999999547811367,1.0,1,0,1
0.0,1.0,0.9999999940452525,1.0,1,0,1
0.0,1.0,0.9999999992158358,1.0,1,0,1
0.0,1.0,0.9999999998967357,1.0,1,1,1
1.0,0.5,0.0,1.0,1,0,0
0.0,0.5,0.934156378600823,1.0,1,0,0
0.0,0.5,0.9913292350420836,1.0,1,0,1
0.0,0.5,0.9988581708697393,1.0,1,0,1
0.0,0.5,0.999849635670089,1.0,1,0,1
0.0,0.5,0.9999801989359789,1.0,1,0,1
1.0,0.5,0.0,1.0,-0.0,0,0
0.0,1.0,0.934156378600823,1.0,1,0,0
0.0,1.0,0.9913292350420836,1.0,1,0,1
0.0,1.0,0.9988581708697393,1.0,1,0,1
1.0,1.0,0.0,1.0,-0.9323714940467767,1,0
0.0,0.0,0.934156378600823,1.0,1,0,0
0.0,0.0,0.9913292350420836,1.0,1,0,1
0.0,0.0,0.9988581708697393,1.0,1,0,1
0.0,0.0,0.999849635670089,1.0,1,0,1
0.0,0.0,0.9999801989359789,1.0,1,0,1
0.0,0.0,0.9999973924524745,1.0,1,0,1
0.0,0.0,0.9999996566192557,1.0,1,0,1
0.0,0.0,0.9999999547811367,1.0,1,0,1
1.0,0.0,0.0,1.0,-0.0,0,0
0.0,1.0,0.934156378600823,1.0,1,0,0
0.0,1.0,0.9913292350420836,1.0,1,0,1
0.0,1.0,0.9988581708697393,1.0,1,1,1
0.0,1.0,0.999849635670089,1.0,1,0,1
0.0,1.0,0.9999801989359789,1.0,1,0,1
0.0,1.0,0.9999973924524745,1.0,1,0,1
0.0,1.0,0.9999996566192557,1.0,1,1,1
1.0,1.0,0.0,1.0,1,0,0
0.0,0.5,0.934156378600823,1.0,1,0,0
0.0,0.5,0.9913292350420836,1.0,1,0,1
0.0,0.5,0.9988581708697393,1.0,1,1,1
0.0,0.5,0.999849635670089,1.0,1,0,1
0.0,0.5,0.9999801989359789,1.0,1,0,1
0.0,0.5,0.9999973924524745,1.0,1,0,1
1.0,0.0,0.0,1.0,1,0,0
0.0,1.0,0.934156378600823,1.0,1,0,0
0.0,1.0,0.9913292350420836,1.0,1,0,1
0.0,1.0,0.9988581708697393,1.0,1,0,1
0.0,1.0,0.999849635670089,1.0,1,1,1
0.0,1.0,0.9999801989359789,1.0,1,0,1
0.0,1.0,0.9999973924524745,1.0,1,0,1
0.0,1.0,0.9999996566192557,1.0,1,0,1
0.0,1.0,0.9999999547811367,1.0,1,1,1
1.0,1.0,0.9999999940452525,1.0,-0.0,0,1
0.0,0.5,0.934156378600823,1.0,1,0,0
0.0,0.5,0.9913292350420836,1.0,1,0,1
0.0,0.5,0.9988581708697393,1.0,1,0,1
0.0,0.5,0.999849635670089,1.0,1,0,1
0.0,0.5,0.9999801989359789,1.0,1,0,1
0.0,0.5,0.9999973924524745,1.0,1,0,1
0.0,0.5,0.9999996566192557,1.0,1,0,1
0.0,0.5,0.9999999547811367,1.0,1,0,1
0.0,0.5,0.9999999940452525,1.0,1,0,1
0.0,0.5,0.9999999992158358,1.0,1,1,1
0.0,0.5,0.9999999998967357,1.0,1,0,1
0.0,0.5,0.9999999999864013,1.0,1,0,1
1.0,0.5,0.0,1.0,-0.0,0,0
0.0,0.0,0.934156378600823,1.0,1,0,0
0.0,0.0,0.9913292350420836,1.0,1,0,1
0.0,0.0,0.9988581708697393,1.0,1,0,1
1.0,0.0,0.999849635670089,1.0,-0.0,0,1
0.0,0.0,0.934156378600823,1.0,1,0,0
0.0,0.0,0.9913292350420836,1.0,1,0,1
1.0,0.0,0.0,1.0,-0.0,0,0
0.0,1.0,0.934156378600823,1.0,1,0,0
0.0,1.0,0.9913292350420836,1.0,1,0,1
0.0,1.0,0.9988581708697393,1.0,1,1,1
0.0,1.0,0.999849635670089,1.0,1,0,1
0.0,1.0,0.9999801989359789,1.0,1,1,1
0.0,1.0,0.9999973924524745,1.0,1,0,1
0.0,1.0,0.9999996566192557,1.0,1,1,1
0.0,1.0,0.9999999547811367,1.0,1,0,1
0.0,1.0,0.9999999940452525,1.0,1,0,1
0.0,1.0,0.9999999992158358,1.0,1,1,1
0.0,1.0,0.9999999998967357,1.0,1,0,1
0.0,1.0,0.9999999999864013,1.0,1,0,1
0.0,1.0,0.9999999999982091,1.0,1,0,1
0.0,1.0,0.9999999999997641,1.0,1,1,1
0.0,1.0,0.9999999999999691,1.0,1,0,1
0.0,1.0,0.9999999999999961,1.0,1,1,1
0.0,1.0,0.9999999999999997,1.0,1,0,1
0.0,1.0,0.9999999999999997,1.0,1,0,1
1.0,1.0,0.0,1.0,1,0,0
0.0,0.0,0.934156378600823,1.0,1,0,0
0.0,0.0,0.9913292350420836,1.0,1,0,1
0.0,0.0,0.9988581708697393,1.0,1,0,1
0.0,0.0,0.999849635670089,1.0,1,0,1
0.0,0.0,0.9999801989359789,1.0,1,0,1
0.0,0.0,0.9999973924524745,1.0,1,0,1
0.0,0.0,0.9999996566192557,1.0,1,0,1
0.0,0.0,0.9999999547811367,1.0,1,0,1
0.0,0.0,0.9999999940452525,1.0,1,0,1
0.0,0.0,0.9999999992158358,1.0,1,0,1
0.0,0.0,0.9999999998967357,1.0,1,0,1
0.0,0.0,0.9999999999864013,1.0,1,0,1
0.0,0.0,0.9999999999982091,1.0,1,0,1
0.0,0.0,0.9999999999997641,1.0,1,0,1
0.0,0.0,0.9999999999999691,1.0,1,0,1
0.0,0.0,0.9999999999999961,1.0,1,0,1
1.0,0.0,0.9999999999999997,1.0,-0.0,0,1
0.0,1.0,0.934156378600823,1.0,1,0,0
0.0,1.0,0.9913292350420836,1.0,1,0,1
0.0,1.0,0.9988581708697393,1.0,1,1,1
0.0,1.0,0.999849635670089,1.0,1,0,1
0.0,1.0,0.9999801989359789,1.0,1,0,1
0.0,1.0,0.9999973924524745,1.0,1,1,1
1.0,1.0,0.0,1.0,1,0,0
0.0,0.5,0.934156378600823,1.0,1,0,0
0.0,0.5,0.9913292350420836,1.0,1,0,1
0.0,0.5,0.9988581708697393,1.0,1,0,1
0.0,0.5,0.999849635670089,1.0,1,1,1
1.0,0.5,0.9999801989359789,1.0,-1.1368683772161604e-14,0,1
0.0,1.0,0.934156378600823,1.0,1,0,0
0.0,1.0,0.9913292350420836,1.0,1,0,1
0.0,1.0,0.9988581708697393,1.0,1,1,1
0.0,1.0,0.999849635670089,1.0,1,0,1
0.0,1.0,0.9999801989359789,1.0,1,0,1
1.0,1.0,0.9999973924524745,1.0,1,0,1
0.0,0.0,0.934156378600823,1.0,1,0,0
0.0,0.0,0.9913292350420836,1.0,1,0,1
0.0,0.0,0.9988581708697393,1.0,1,0,1
0.0,0.0,0.999849635670089,1.0,1,0,1
0.0,0.0,0.9999801989359789,1.0,1,0,1
0.0,0.0,0.9999973924524745,1.0,1,0,1
0.0,0.0,0.9999996566192557,1.0,1,0,1
1.0,0.0,0.9999999547811367,1.0,-0.0,0,1
0.0,1.0,0.934156378600823,1.0,1,0,0
0.0,1.0,0.9913292350420836,1.0,1,0,1
0.0,1.0,0.9988581708697393,1.0,1,0,1
0.0,1.0,0.999849635670089,1.0,1,1,1
0.0,1.0,0.9999801989359789,1.0,1,0,1
0.0,1.0,0.9999973924524745,1.0,1,0,1
0.0,1.0,0.9999996566192557,1.0,1,1,1
0.0,1.0,0.9999999547811367,1.0,1,0,1
0.0,1.0,0.9999999940452525,1.0,1,0,1
0.0,1.0,0.9999999992158358,1.0,1,0,1
0.0,1.0,0.9999999998967357,1.0,1,1,1
1.0,1.0,0.0,1.0,-0.8386372670459196,0,0
0.0,0.5,0.934156378600823,1.0,1,0,0
0.0,0.5,0.9913292350420836,1.0,1,0,1
0.0,0.5,0.9988581708697393,1.0,1,0,1
0.0,0.5,0.999849635670089,1.0,1,0,1
0.0,0.5,0.9999801989359789,1.0,1,0,1
0.0,0.5,0.9999973924524745,1.0,1,1,1
0.0,0.0,0.9982296531343241,1.0,1,0,1
0.0,0.0,0.9999995345408113,1.0,1,0,1
0.0,0.0,0.9999999940424885,1.0,1,0,1
0.0,0.0,0.9999999992157935,1.0,1,0,1
0.0,0.0,0.9999999998967357,1.0,1,0,1
0.0,0.0,0.9999999999864013,1.0,1,0,1
0.0,0.0,0.9999999999982091,1.0,1,0,1
0.0,0.0,0.9999999999997641,1.0,1,0,1
1.0,0.0,0.0,1.0,1,0,0
0.0,0.5,0.934156378600823,1.0,1,0,0
0.0,0.5,0.9913292350420836,1.0,1,0,1
1.0,0.5,0.9988581708697393,1.0,1,0,1
0.0,1.0,0.934156378600823,1.0,1,0,0
0.0,1.0,0.9913292350420836,1.0,1,0,1
0.0,1.0,0.9988581708697393,1.0,1,1,1
0.0,1.0,0.999849635670089,1.0,1,0,1
0.0,1.0,0.9999801989359789,1.0,1,0,1
0.0,1.0,0.9999973924524745,1.0,1,1,1
0.0,1.0,0.9999996566192557,1.0,1,0,1
0.0,1.0,0.9999999547811367,1.0,1,1,1
1.0,1.0,0.0,1.0,1,0,0
0.0,0.5,0.934156378600823,1.0,1,0,0
0.0,0.5,0.9913292350420836,1.0,1,0,1
0.0,0.5,0.9988581708697393,1.0,1,0,1
0.0,0.5,0.999849635670089,1.0,1,0,1
0.0,0.5,0.9999801989359789,1.0,1,0,1
1.0,0.5,0.39999687094296943,1.0,-0.4183644010126841,0,0
0.0,0.0,0.934156378600823,1.0,1,0,0
0.0,0.0,0.9913292350420836,1.0,1,0,1
0.0,0.0,0.9988581708697393,1.0,1,0,1
0.0,0.0,0.999849635670089,1.0,1,0,1
0.0,0.0,0.9999801989359789,1.0,1,0,1
0.0,0.0,0.9999973924524745,1.0,1,0,1
0.0,0.0,0.9999996566192557,1.0,1,0,1
0.0,0.0,0.9999999547811367,1.0,1,0,1
0.0,0.0,0.9999999940452525,1.0,1,0,1
0.0,0.0,0.9999999992158358,1.0,1,0,1
0.0,0.0,0.9999999998967357,1.0,1,0,1
0.0,0.0,0.9999999999864013,1.0,1,0,1
0.0,0.0,0.9999999999982091,1.0,1,0,1
0.0,0.0,0.9999999999997641,1.0,1,0,1
0.0,0.0,0.9999999999999691,1.0,1,0,1
0.0,0.0,0.9999999999999961,1.0,1,0,1
1.0,0.0,0.3999999999999993,1.0,-0.0,0,0
0.0,1.0,0.934156378600823,1.0,1,0,0
0.0,1.0,0.9913292350420836,1.0,1,0,1
0.0,1.0,0.9988581708697393,1.0,1,0,1
0.0,1.0,0.999849635670089,1.0,1,1,1
0.0,1.0,0.9999801989359789,1.0,1,0,1
0.0,1.0,0.9999973924524745,1.0,1,0,1
1.0,1.0,0.0,1.0,-0.0,0,0
0.0,0.0,0.934156378600823,1.0,1,0,0
0.0,0.0,0.9913292350420836,1.0,1,0,1
0.0,0.0,0.9988581708697393,1.0,1,0,1
0.0,0.0,0.999849635670089,1.0,1,0,1
0.0,0.0,0.9999801989359789,1.0,1,0,1
0.0,0.0,0.9999973924524745,1.0,1,0,1
0.0,0.0,0.9999996566192557,1.0,1,0,1
0.0,0.0,0.9999999547811367,1.0,1,0,1
0.0,0.0,0.9999999940452525,1.0,1,0,1
0.0,0.0,0.9999999992158358,1.0,1,0,1
0.0,0.0,0.9999999998967357,1.0,1,0,1
0.0,0.0,0.9999999999864013,1.0,1,0,1
1.0,0.0,0.0,1.0,-0.0,0,0
0.0,1.0,0.934156378600823,1.0,1,0,0
0.0,1.0,0.9913292350420836,1.0,1,0,1
0.0,1.0,0.9988581708697393,1.0,1,1,1
0.0,1.0,0.999849635670089,1.0,1,0,1
0.0,1.0,0.9999801989359789,1.0,1,0,1
0.0,1.0,0.9999973924524745,1.0,1,1,1
0.0,1.0,0.9999996566192557,1.0,1,0,1
1.0,1.0,0.0,1.0,1,0,0
0.0,0.0,0.934156378600823,1.0,1,0,0
0.0,0.0,0.9913292350420836,1.0,1,0,1
0.0,0.0,0.9988581708697393,1.0,1,0,1
0.0,0.0,0.999849635670089,1.0,1,0,1
0.0,0.0,0.9999801989359789,1.0,1,0,1
0.0,0.0,0.9999973924524745,1.0,1,0,1
0.0,0.0,0.9999996566192557,1.0,1,0,1
0.0,0.0,0.9999999547811367,1.0,1,0,1
0.0,0.0,0.9999999940452525,1.0,1,0,1
0.0,0.0,0.9999999992158358,1.0,1,0,1
1.0,0.0,0.0,1.0,1,0,0
0.0,0.5,0.934156378600823,1.0,1,0,0
0.0,0.5,0.9913292350420836,1.0,1,0,1
0.0,0.5,0.9988581708697393,1.0,1,0,1
0.0,0.5,0.999849635670089,1.0,1,1,1
0.0,0.5,0.9999801989359789,1.0,1,0,1
0.0,0.5,0.9999973924524745,1.0,1,1,1
0.0,0.5,0.9999996566192557,1.0,1,0,1
0.0,0.5,0.9999999547811367,1.0,1,0,1
0.0,0.5,0.9999999940452525,1.0,1,0,1
0.0,0.5,0.9999999992158358,1.0,1,1,1
0.0,0.5,0.9999999998967357,1.0,1,0,1
0.0,0.5,0.9999999999864013,1.0,1,0,1
0.0,0.5,0.9999999999982091,1.0,1,0,1
0.0,0.5,0.9999999999997641,1.0,1,0,1
1.0,0.0,0.0,1.0,1,0,0
0.0,0.0,0.934156378600823,1.0,1,0,0
0.0,0.0,0.9913292350420836,1.0,1,0,1
0.0,0.0,0.9988581708697393,1.0,1,0,1
0.0,0.0,0.999849635670089,1.0,1,0,1
0.0,0.0,0.9999801989359789,1.0,1,0,1
0.0,0.0,0.9999973924524745,1.0,1,0,1
0.0,0.0,0.9999996566192557,1.0,1,0,1
0.0,0.0,0.9999999547811367,1.0,1,0,1
0.0,0.0,0.9999999940452525,1.0,1,0,1
0.0,0.0,0.9999999992158358,1.0,1,0,1
0.0,0.0,0.9999999998967357,1.0,1,0,1
1.0,0.0,0.9999999999864013,1.0,1,0,1
0.0,1.0,0.934156378600823,1.0,1,0,0
0.0,1.0,0.9913292350420836,1.0,1,0,1
0.0,1.0,0.9988581708697393,1.0,1,1,1
0.0,1.0,0.999849635670089,1.0,1,0,1
0.0,1.0,0.9999801989359789,1.0,1,0,1
0.0,1.0,0.9999973924524745,1.0,1,1,1
0.0,1.0,0.9999996566192557,1.0,1,0,1
1.0,1.0,0.399999945737364,1.0,-0.0,0,0
0.0,1.0,0.934156378600823,1.0,1,0,0
0.0,1.0,0.9913292350420836,1.0,1,0,1
0.0,1.0,0.9988581708697393,1.0,1,1,1
0.0,1.0,0.999849635670089,1.0,1,0,1
0.0,1.0,0.9999801989359789,1.0,1,0,1
1.0,1.0,0.9999973924524745,1.0,-0.0,1,1
0.0,0.5,0.934156378600823,1.0,1,0,0
0.0,0.5,0.9913292350420836,1.0,1,0,1
1.0,0.5,0.0,1.0,1,0,0
0.0,1.0,0.934156378600823,1.0,1,0,0
0.0,1.0,0.9913292350420836,1.0,1,0,1
1.0,1.0,0.3986298050436872,1.0,-0.0,0,0
0.0,1.0,0.934156378600823,1.0,1,0,0
0.0,1.0,0.9913292350420836,1.0,1,0,1
0.0,1.0,0.9988581708697393,1.0,1,1,1
0.0,1.0,0.999849635670089,1.0,1,0,1
0.0,1.0,0.9999801989359789,1.0,1,1,1
0.0,1.0,0.9999973924524745,1.0,1,0,1
0.0,1.0,0.9999996566192557,1.0,1,1,1
0.0,1.0,0.9999999547811367,1.0,1,0,1
0.0,1.0,0.9999999940452525,1.0,1,0,1
0.0,1.0,0.9999999992158358,1.0,1,0,1
1.0,1.0,0.9999999998967357,1.0,-0.0,1,1
0.0,0.0,0.934156378600823,1.0,1,0,0
0.0,0.0,0.9913292350420836,1.0,1,0,1
0.0,0.0,0.9988581708697393,1.0,1,0,1
0.0,0.0,0.999849635670089,1.0,1,0,1
0.0,0.0,0.9999801989359789,1.0,1,0,1
0.0,0.0,0.9999973924524745,1.0,1,0,1
1.0,0.0,0.0,1.0,-0.0,0,0
0.0,0.0,0.934156378600823,1.0,1,0,0
0.0,0.0,0.9913292350420836,1.0,1,0,1
0.0,0.0,0.9988581708697393,1.0,1,0,1
0.0,0.0,0.999849635670089,1.0,1,0,1
0.0,0.0,0.9999801989359789,1.0,1,0,1
0.0,0.0,0.9999973924524745,1.0,1,0,1
1.0,0.0,0.0,1.0,1,0,0
0.0,0.0,0.934156378600823,1.0,1,0,0
0.0,0.0,0.9913292350420836,1.0,1,0,1
1.0,0.0,0.0,1.0,-0.7958945585314495,0,0
0.0,0.0,0.934156378600823,1.0,1,0,0
0.0,0.0,0.9913292350420836,1.0,1,0,1
0.0,0.0,0.9988581708697393,1.0,1,0,1
0.0,0.0,0.999849635670089,1.0,1,0,1
0.0,0.0,0.9999801989359789,1.0,1,0,1
1.0,0.0,0.0,1.0,-0.8744729474663473,0,0
0.0,0.5,0.934156378600823,1.0,1,0,0
0.0,0.5,0.9913292350420836,1.0,1,0,1
0.0,0.5,0.9988581708697393,1.0,1,0,1
0.0,0.5,0.999849635670089,1.0,1,1,1
0.0,0.0,0.9982102775676225,1.0,1,0,1
0.0,0.0,0.9999969722675928,1.0,1,0,1
0.0,0.0,0.9999996566164903,1.0,1,0,1
0.0,0.0,0.9999999547810944,1.0,1,0,1
0.0,0.0,0.9999999940452525,1.0,1,0,1
0.0,0.0,0.9999999992158358,1.0,1,0,1
0.0,0.0,0.9999999998967357,1.0,1,0,1
0.0,0.0,0.9999999999864013,1.0,1,0,1
0.0,0.0,0.9999999999982091,1.0,1,0,1
0.0,0.0,0.9999999999997641,1.0,1,0,1
0.0,0.0,0.9999999999999691,1.0,1,0,1
1.0,0.0,0.0,1.0,-0.0,0,0
0.0,1.0,0.934156378600823,1.0,1,0,0
0.0,1.0,0.9913292350420836,1.0,1,0,1
1.0,1.0,0.0,1.0,1,0,0
0.0,0.0,0.934156378600823,1.0,1,0,0
0.0,0.0,0.9913292350420836,1.0,1,0,1
0.0,0.0,0.9988581708697393,1.0,1,0,1
0.0,0.0,0.999849635670089,1.0,1,0,1
0.0,0.0,0.9999801989359789,1.0,1,0,1
0.0,0.0,0.9999973924524745,1.0,1,0,1
0.0,0.0,0.9999996566192557,1.0,1,0,1
0.0,0.0,0.9999999547811367,1.0,1,0,1
0.0,0.0,0.9999999940452525,1.0,1,0,1
0.0,0.0,0.9999999992158358,1.0,1,0,1
0.0,0.0,0.9999999998967357,1.0,1,0,1
0.0,0.0,0.9999999999864013,1.0,1,0,1
0.0,0.0,0.9999999999982091,1.0,1,0,1
0.0,0.0,0.9999999999997641,1.0,1,0,1
1.0,0.0,0.0,1.0,1,0,0
0.0,0.5,0.934156378600823,1.0,1,0,0
0.0,0.5,0.9913292350420836,1.0,1,0,1
0.0,0.5,0.9988581708697393,1.0,1,0,1
0.0,0.5,0.999849635670089,1.0,1,0,1
0.0,0.5,0.9999801989359789,1.0,1,1,1
0.0,0.5,0.9999973924524745,1.0,1,0,1
0.0,0.5,0.9999996566192557,1.0,1,0,1
0.0,0.5,0.9999999547811367,1.0,1,0,1
0.0,0.5,0.9999999940452525,1.0,1,0,1
1.0,0.0,0.0,1.0,1,0,0
0.0,1.0,0.934156378600823,1.0,1,0,0
0.0,1.0,0.9913292350420836,1.0,1,0,1
0.0,1.0,0.9988581708697393,1.0,1,1,1
0.0,1.0,0.999849635670089,1.0,1,0,1
0.0,1.0,0.9999801989359789,1.0,1,0,1
1.0,1.0,0.39999687094296943,1.0,1,0,0
0.0,0.0,0.934156378600823,1.0,1,0,0
0.0,0.0,0.9913292350420836,1.0,1,0,1
0.0,0.0,0.9988581708697393,1.0,1,0,1
0.0,0.0,0.999849635670089,1.0,1,0,1
0.0,0.0,0.9999801989359789,1.0,1,0,1
0.0,0.0,0.9999973924524745,1.0,1,0,1
0.0,0.0,0.9999996566192557,1.0,1,0,1
0.0,0.0,0.9999999547811367,1.0,1,0,1
0.0,0.0,0.9999999940452525,1.0,1,0,1
0.0,0.0,0.9999999992158358,1.0,1,0,1
0.0,0.0,0.9999999998967357,1.0,1,0,1
0.0,0.0,0.9999999999864013,1.0,1,0,1
0.0,0.0,0.9999999999982091,1.0,1,0,1
1.0,0.0,0.39999999999971686,1.0,-0.4015092219346116,0,0
0.0,0.5,0.934156378600823,1.0,1,0,0
0.0,0.5,0.9913292350420836,1.0,1,0,1
0.0,0.5,0.9988581708697393,1.0,1,0,1
0.0,0.5,0.999849635670089,1.0,1,0,1
0.0,0.5,0.9999801989359789,1.0,1,1,1
0.0,0.5,0.9999973924524745,1.0,1,0,1
0.0,0.5,0.9999996566192557,1.0,1,0,1
1.0,0.5,0.399999945737364,1.0,1,0,0
0.0,0.0,0.934156378600823,1.0,1,0,0
0.0,0.0,0.9913292350420836,1.0,1,0,1
0.0,0.0,0.9988581708697393,1.0,1,0,1
0.0,0.0,0.999849635670089,1.0,1,0,1
0.0,0.0,0.9999801989359789,1.0,1,0,1
0.0,0.0,0.9999973924524745,1.0,1,0,1
0.0,0.0,0.9999996566192557,1.0,1,0,1
0.0,0.0,0.9999999547811367,1.0,1,0,1
0.0,0.0,0.9999999940452525,1.0,1,0,1
0.0,0.0,0.9999999992158358,1.0,1,0,1
0.0,0.0,0.9999999998967357,1.0,1,0,1
0.0,0.0,0.9999999999864013,1.0,1,0,1
1.0,0.0,0.0,1.0,1,0,0
0.0,0.5,0.934156378600823,1.0,1,0,0
0.0,0.5,0.9913292350420836,1.0,1,0,1
0.0,0.5,0.9988581708697393,1.0,1,0,1
0.0,0.5,0.999849635670089,1.0,1,0,1
0.0,0.5,0.9999801989359789,1.0,1,0,1
1.0,0.5,0.9999973924524745,1.0,-0.0,1,1
0.0,1.0,0.934156378600823,1.0,1,0,0
0.0,1.0,0.9913292350420836,1.0,1,0,1
0.0,1.0,0.9988581708697393,1.0,1,0,1
0.0,1.0,0.999849635670089,1.0,1,1,1
0.0,1.0,0.9999801989359789,1.0,1,0,1
1.0,1.0,0.0,1.0,1,0,0
0.0,1.0,0.934156378600823,1.0,1,0,0
1.0,1.0,0.38959508205050036,1.0,-0.4833162747190215,0,0
0.0,0.5,0.934156378600823,1.0,1,0,0
0.0,0.5,0.9913292350420836,1.0,1,0,1
0.0,0.5,0.9988581708697393,1.0,1,0,1
0.0,0.5,0.999849635670089,1.0,1,1,1
0.0,0.5,0.9999801989359789,1.0,1,0,1
0.0,0.5,0.9999973924524745,1.0,1,0,1
0.0,0.5,0.9999996566192557,1.0,1,0,1
0.0,0.5,0.9999999547811367,1.0,1,1,1
0.0,0.5,0.9999999940452525,1.0,1,0,1
0.0,0.5,0.9999999992158358,1.0,1,0,1
1.0,0.0,0.0,1.0,1,0,0
0.0,0.5,0.934156378600823,1.0,1,0,0
0.0,0.5,0.9913292350420836,1.0,1,0,1
0.0,0.5,0.9988581708697393,1.0,1,0,1
0.0,0.5,0.999849635670089,1.0,1,0,1
0.0,0.5,0.9999801989359789,1.0,1,0,1
0.0,0.5,0.9999973924524745,1.0,1,0,1
0.0,0.5,0.9999996566192557,1.0,1,0,1
0.0,0.5,0.9999999547811367,1.0,1,0,1
0.0,0.5,0.9999999940452525,1.0,1,0,1
0.0,0.5,0.9999999992158358,1.0,1,0,1
0.0,0.5,0.9999999998967357,1.0,1,0,1
0.0,0.5,0.9999999999864013,1.0,1,0,1
0.0,0.5,0.9999999999982091,1.0,1,1,1
0.0,0.5,0.9999999999997641,1.0,1,0,1
0.0,0.5,0.9999999999999691,1.0,1,0,1
1.0,0.5,0.9999999999999961,1.0,-0.0,0,1
0.0,0.0,0.934156378600823,1.0,1,0,0
0.0,0.0,0.9913292350420836,1.0,1,0,1
0.0,0.0,0.9988581708697393,1.0,1,0,1
0.0,0.0,0.999849635670089,1.0,1,0,1
0.0,0.0,0.9999801989359789,1.0,1,0,1
0.0,0.0,0.9999973924524745,1.0,1,0,1
0.0,0.0,0.9999996566192557,1.0,1,0,1
0.0,0.0,0.9999999547811367,1.0,1,0,1
1.0,0.0,0.9999999940452525,1.0,-0.0,0,1
0.0,0.5,0.934156378600823,1.0,1,0,0
0.0,0.5,0.9913292350420836,1.0,1,0,1
1.0,0.5,0.0,1.0,1,1,0
0.0,1.0,0.934156378600823,1.0,1,0,0
0.0,1.0,0.9913292350420836,1.0,1,0,1
0.0,1.0,0.9988581708697393,1.0,1,0,1
0.0,1.0,0.999849635670089,1.0,1,1,1
0.0,1.0,0.9999801989359789,1.0,1,0,1
1.0,1.0,0.0,1.0,1,0,0
0.0,1.0,0.934156378600823,1.0,1,0,0
0.0,1.0,0.9913292350420836,1.0,1,0,1
0.0,1.0,0.9988581708697393,1.0,1,1,1
0.0,1.0,0.999849635670089,1.0,1,0,1
0.0,1.0,0.9999801989359789,1.0,1,0,1
0.0,1.0,0.9999973924524745,1.0,1,1,1
0.0,1.0,0.9999996566192557,1.0,1,0,1
0.0,1.0,0.9999999547811367,1.0,1,0,1
0.0,1.0,0.9999999940452525,1.0,1,0,1
1.0,1.0,0.399999999059003,1.0,-0.44713739698847804,0,0
0.0,0.5,0.934156378600823,1.0,1,0,0
0.0,0.5,0.9913292350420836,1.0,1,0,1
0.0,0.5,0.9988581708697393,1.0,1,0,1
0.0,0.5,0.999849635670089,1.0,1,0,1
1.0,0.5,0.0,1.0,-0.808160474527574,1,0
0.0,1.0,0.934156378600823,1.0,1,0,0
0.0,1.0,0.9913292350420836,1.0,1,0,1
0.0,1.0,0.9988581708697393,1.0,1,1,1
0.0,1.0,0.999849635670089,1.0,1,0,1
0.0,1.0,0.9999801989359789,1.0,1,0,1
0.0,1.0,0.9999973924524745,1.0,1,0,1
1.0,1.0,0.0,1.0,-0.0,0,0
0.0,0.0,0.934156378600823,1.0,1,0,0
0.0,0.0,0.9913292350420836,1.0,1,0,1
0.0,0.0,0.9988581708697393,1.0,1,0,1
0.0,0.0,0.999849635670089,1.0,1,0,1
0.0,0.0,0.9999801989359789,1.0,1,0,1
0.0,0.0,0.9999973924524745,1.0,1,0,1
0.0,0.0,0.9999996566192557,1.0,1,0,1
0.0,0.0,0.9999999547811367,1.0,1,0,1
0.0,0.0,0.9999999940452525,1.0,1,0,1
1.0,0.0,0.0,1.0,-0.7964855903624084,0,0
0.0,1.0,0.934156378600823,1.0,1,0,0
0.0,1.0,0.9913292350420836,1.0,1,0,1
0.0,1.0,0.9988581708697393,1.0,1,1,1
0.0,1.0,0.999849635670089,1.0,1,0,1
1.0,1.0,0.3999762387231748,1.0,-0.4315326552259762,0,0
0.0,1.0,0.934156378600823,1.0,1,0,0
0.0,1.0,0.9913292350420836,1.0,1,0,1
0.0,1.0,0.9988581708697393,1.0,1,1,1
0.0,1.0,0.999849635670089,1.0,1,0,1
0.0,1.0,0.9999801989359789,1.0,1,1,1
0.0,1.0,0.9999973924524745,1.0,1,0,1
0.0,1.0,0.9999996566192557,1.0,1,0,1
1.0,1.0,0.0,1.0,1,0,0
0.0,0.0,0.934156378600823,1.0,1,0,0
0.0,0.0,0.9913292350420836,1.0,1,0,1
0.0,0.0,0.9988581708697393,1.0,1,0,1
0.0,0.0,0.999849635670089,1.0,1,0,1
0.0,0.0,0.9999801989359789,1.0,1,0,1
1.0,0.0,0.9999973924524745,1.0,-0.0,0,1
0.0,0.5,0.934156378600823,1.0,1,0,0
0.0,0.5,0.9913292350420836,1.0,1,0,1
0.0,0.5,0.9988581708697393,1.0,1,0,1
0.0,0.5,0.999849635670089,1.0,1,0,1
0.0,0.5,0.9999801989359789,1.0,1,0,1
0.0,0.5,0.9999973924524745,1.0,1,0,1
0.0,0.5,0.9999996566192557,1.0,1,1,1
0.0,0.5,0.9999999547811367,1.0,1,0,1
0.0,0.5,0.9999999940452525,1.0,1,0,1
0.0,0.5,0.9999999992158358,1.0,1,0,1
1.0,0.5,0.0,1.0,-0.0,0,0
0.0,0.5,0.934156378600823,1.0,1,0,0
0.0,0.5,0.9913292350420836,1.0,1,0,1
0.0,0.5,0.9988581708697393,1.0,1,0,1
0.0,0.5,0.999849635670089,1.0,1,0,1
0.0,0.5,0.9999801989359789,1.0,1,0,1
1.0,0.5,0.39999687094296943,1.0,-0.9086233026086916,1,0
0.0,1.0,0.934156378600823,1.0,1,0,0
0.0,1.0,0.9913292350420836,1.0,1,0,1
0.0,1.0,0.9988581708697393,1.0,1,1,1
0.0,1.0,0.999849635670089,1.0,1,0,1
0.0,1.0,0.9999801989359789,1.0,1,0,1
0.0,1.0,0.9999973924524745,1.0,1,0,1
0.0,1.0,0.9999996566192557,1.0,1,1,1
0.0,1.0,0.9999999547811367,1.0,1,0,1
0.0,1.0,0.9999999940452525,1.0,1,0,1
0.0,1.0,0.9999999992158358,1.0,1,0,1
1.0,1.0,0.0,1.0,-2.2737367544323207e-14,0,0
0.0,1.0,0.934156378600823,1.0,1,0,0
0.0,1.0,0.9913292350420836,1.0,1,0,1
0.0,1.0,0.9988581708697393,1.0,1,1,1
0.0,1.0,0.999849635670089,1.0,1,0,1
0.0,1.0,0.9999801989359789,1.0,1,0,1
0.0,1.0,0.9999973924524745,1.0,1,1,1
1.0,1.0,0.9999996566192557,1.0,-0.42228424980053203,0,1
0.0,1.0,0.934156378600823,1.0,1,0,0
0.0,1.0,0.9913292350420836,1.0,1,0,1
0.0,1.0,0.9988581708697393,1.0,1,0,1
0.0,1.0,0.999849635670089,1.0,1,1,1
0.0,1.0,0.9999801989359789,1.0,1,0,1
0.0,1.0,0.9999973924524745,1.0,1,0,1
0.0,1.0,0.9999996566192557,1.0,1,0,1
0.0,1.0,0.9999999547811367,1.0,1,0,1
0.0,1.0,0.9999999940452525,1.0,1,1,1
1.0,1.0,0.0,1.0,1,0,0
0.0,0.0,0.934156378600823,1.0,1,0,0
0.0,0.0,0.9913292350420836,1.0,1,0,1
0.0,0.0,0.9988581708697393,1.0,1,0,1
0.0,0.0,0.999849635670089,1.0,1,0,1
0.0,0.0,0.9999801989359789,1.0,1,0,1
0.0,0.0,0.9999973924524745,1.0,1,0,1
0.0,0.0,0.9999996566192557,1.0,1,0,1
0.0,0.0,0.9999999547811367,1.0,1,0,1
0.0,0.0,0.9999999940452525,1.0,1,0,1
0.0,0.0,0.9999999992158358,1.0,1,0,1
1.0,0.0,0.0,1.0,-0.7735705768183948,0,0
0.0,0.0,0.934156378600823,1.0,1,0,0
0.0,0.0,0.9913292350420836,1.0,1,0,1
0.0,0.0,0.9988581708697393,1.0,1,0,1
0.0,0.0,0.999849635670089,1.0,1,0,1
0.0,0.0,0.9999801989359789,1.0,1,0,1
0.0,0.0,0.9999973924524745,1.0,1,0,1
0.0,0.0,0.9999996566192557,1.0,1,0,1
0.0,0.0,0.9999999547811367,1.0,1,0,1
0.0,0.0,0.9999999940452525,1.0,1,0,1
1.0,0.0,0.399999999059003,1.0,-0.0,0,0
0.0,0.0,0.934156378600823,1.0,1,0,0
0.0,0.0,0.9913292350420836,1.0,1,0,1
0.0,0.0,0.9988581708697393,1.0,1,0,1
0.0,0.0,0.999849635670089,1.0,1,0,1
0.0,0.0,0.9999801989359789,1.0,1,0,1
1.0,0.0,0.39999687094296943,1.0,-0.0,0,0
0.0,0.5,0.934156378600823,1.0,1,0,0
0.0,0.5,0.9913292350420836,1.0,1,0,1
0.0,0.5,0.9988581708697393,1.0,1,0,1
1.0,0.5,0.0,1.0,-0.8064852984539129,0,0
0.0,1.0,0.934156378600823,1.0,1,0,0
0.0,1.0,0.9913292350420836,1.0,1,0,1
0.0,1.0,0.9988581708697393,1.0,1,1,1
0.0,1.0,0.999849635670089,1.0,1,0,1
0.0,1.0,0.9999801989359789,1.0,1,1,1
0.0,1.0,0.9999973924524745,1.0,1,0,1
0.0,1.0,0.9999996566192557,1.0,1,0,1
1.0,1.0,0.9999999547811367,1.0,-0.0,1,1
0.0,0.5,0.934156378600823,1.0,1,0,0
0.0,0.5,0.9913292350420836,1.0,1,0,1
0.0,0.5,0.9988581708697393,1.0,1,0,1
0.0,0.5,0.999849635670089,1.0,1,0,1
0.0,0.5,0.9999801989359789,1.0,1,0,1
0.0,0.5,0.9999973924524745,1.0,1,0,1
0.0,0.5,0.9999996566192557,1.0,1,0,1
1.0,0.5,0.0,1.0,-0.7319050802771472,0,0
0.0,0.5,0.934156378600823,1.0,1,0,0
0.0,0.5,0.9913292350420836,1.0,1,1,1
0.0,0.5,0.9988581708697393,1.0,1,0,1
0.0,0.5,0.999849635670089,1.0,1,1,1
0.0,0.5,0.9999801989359789,1.0,1,0,1
0.0,0.5,0.9999973924524745,1.0,1,1,1
0.0,0.5,0.9999996566192557,1.0,1,0,1
0.0,0.5,0.9999999547811367,1.0,1,0,1
0.0,0.5,0.9999999940452525,1.0,1,0,1
0.0,0.5,0.9999999992158358,1.0,1,1,1
0.0,0.5,0.9999999998967357,1.0,1,0,1
0.0,0.5,0.9999999999864013,1.0,1,0,1
0.0,0.5,0.9999999999982091,1.0,1,0,1
0.0,0.5,0.9999999999997641,1.0,1,0,1
1.0,0.5,0.0,1.0,-4.5474735088646414e-14,0,0
0.0,0.0,0.934156378600823,1.0,1,0,0
0.0,0.0,0.9913292350420836,1.0,1,0,1
0.0,0.0,0.9988581708697393,1.0,1,0,1
0.0,0.0,0.999849635670089,1.0,1,0,1
0.0,0.0,0.9999801989359789,1.0,1,0,1
1.0,0.0,0.0,1.0,-0.0,0,0
0.0,0.0,0.934156378600823,1.0,1,0,0
0.0,0.0,0.9913292350420836,1.0,1,0,1
0.0,0.0,0.9988581708697393,1.0,1,0,1
0.0,0.0,0.999849635670089,1.0,1,0,1
0.0,0.0,0.9999801989359789,1.0,1,0,1
1.0,0.0,0.0,1.0,1,0,0
0.0,0.5,0.934156378600823,1.0,1,0,0
0.0,0.5,0.9913292350420836,1.0,1,0,1
0.0,0.5,0.9988581708697393,1.0,1,0,1
0.0,0.5,0.999849635670089,1.0,1,0,1
0.0,0.5,0.9999801989359789,1.0,1,0,1
0.0,0.5,0.9999973924524745,1.0,1,0,1
0.0,0.5,0.9999996566192557,1.0,1,1,1
0.0,0.5,0.9999999547811367,1.0,1,0,1
1.0,0.5,0.0,1.0,1,0,0
0.0,0.5,0.934156378600823,1.0,1,0,0
0.0,0.5,0.9913292350420836,1.0,1,0,1
0.0,0.5,0.9988581708697393,1.0,1,0,1
0.0,0.5,0.999849635670089,1.0,1,0,1
0.0,0.5,0.9999801989359789,1.0,1,0,1
0.0,0.5,0.9999973924524745,1.0,1,0,1
0.0,0.5,0.9999996566192557,1.0,1,0,1
0.0,0.5,0.9999999547811367,1.0,1,0,1
0.0,0.5,0.9999999940452525,1.0,1,0,1
0.0,0.5,0.9999999992158358,1.0,1,0,1
0.0,0.5,0.9999999998967357,1.0,1,1,1
0.0,0.5,0.9999999999864013,1.0,1,0,1
0.0,0.5,0.9999999999982091,1.0,1,0,1
0.0,0.5,0.9999999999997641,1.0,1,0,1
0.0,0.5,0.9999999999999691,1.0,1,0,1
1.0,0.0,0.0,1.0,1,0,0
0.0,0.0,0.934156378600823,1.0,1,0,0
0.0,0.0,0.9913292350420836,1.0,1,0,1
0.0,0.0,0.9988581708697393,1.0,1,0,1
0.0,0.0,0.999849635670089,1.0,1,0,1
0.0,0.0,0.9999801989359789,1.0,1,0,1
1.0,0.0,0.0,1.0,-0.0,0,0
0.0,1.0,0.934156378600823,1.0,1,0,0
0.0,1.0,0.9913292350420836,1.0,1,0,1
0.0,1.0,0.9988581708697393,1.0,1,0,1
0.0,1.0,0.999849635670089,1.0,1,1,1
0.0,1.0,0.9999801989359789,1.0,1,0,1
0.0,1.0,0.9999973924524745,1.0,1,0,1
1.0,1.0,0.9999996566192557,1.0,-0.0,1,1
0.0,0.5,0.934156378600823,1.0,1,0,0
0.0,0.5,0.9913292350420836,1.0,1,0,1
0.0,0.5,0.9988581708697393,1.0,1,0,1
0.0,0.5,0.999849635670089,1.0,1,0,1
0.0,0.5,0.9999801989359789,1.0,1,0,1
0.0,0.5,0.9999973924524745,1.0,1,0,1
0.0,0.5,0.9999996566192557,1.0,1,0,1
0.0,0.5,0.9999999547811367,1.0,1,1,1
0.0,0.5,0.9999999940452525,1.0,1,0,1
0.0,0.5,0.9999999992158358,1.0,1,0,1
0.0,0.5,0.9999999998967357,1.0,1,0,1
0.0,0.5,0.9999999999864013,1.0,1,0,1
0.0,0.5,0.9999999999982091,1.0,1,0,1
0.0,0.5,0.9999999999997641,1.0,1,0,1
1.0,0.5,0.0,1.0,1,0,0
0.0,0.5,0.934156378600823,1.0,1,0,0
0.0,0.5,0.9913292350420836,1.0,1,0,1
0.0,0.5,0.9988581708697393,1.0,1,1,1
0.0,0.5,0.999849635670089,1.0,1,0,1
0.0,0.5,0.9999801989359789,1.0,1,0,1
0.0,0.5,0.9999973924524745,1.0,1,1,1
0.0,0.5,0.9999996566192557,1.0,1,0,1
0.0,0.5,0.9999999547811367,1.0,1,0,1
1.0,0.0,0.0,1.0,1,0,0
0.0,0.5,0.934156378600823,1.0,1,0,0
0.0,0.5,0.9913292350420836,1.0,1,0,1
0.0,0.5,0.9988581708697393,1.0,1,1,1
0.0,0.5,0.999849635670089,1.0,1,0,1
0.0,0.5,0.9999801989359789,1.0,1,0,1
1.0,0.5,0.9999973924524745,1.0,1,0,1
0.0,0.5,0.934156378600823,1.0,1,0,0
0.0,0.5,0.9913292350420836,1.0,1,0,1
0.0,0.5,0.9988581708697393,1.0,1,0,1
0.0,0.5,0.999849635670089,1.0,1,1,1
0.0,0.5,0.9999801989359789,1.0,1,0,1
1.0,0.5,0.0,1.0,1,0,0
0.0,0.0,0.934156378600823,1.0,1,0,0
0.0,0.0,0.9913292350420836,1.0,1,0,1
0.0,0.0,0.9988581708697393,1.0,1,0,1
0.0,0.0,0.999849635670089,1.0,1,0,1
0.0,0.0,0.9999801989359789,1.0,1,0,1
0.0,0.0,0.9999973924524745,1.0,1,0,1
1.0,0.0,0.0,1.0,1,0,0
0.0,0.0,0.934156378600823,1.0,1,0,0
0.0,0.0,0.9913292350420836,1.0,1,0,1
0.0,0.0,0.9988581708697393,1.0,1,0,1
0.0,0.0,0.999849635670089,1.0,1,0,1
0.0,0.0,0.9999801989359789,1.0,1,0,1
0.0,0.0,0.9999973924524745,1.0,1,0,1
0.0,0.0,0.9999996566192557,1.0,1,0,1
0.0,0.0,0.9999999547811367,1.0,1,0,1
0.0,0.0,0.9999999940452525,1.0,1,0,1
1.0,0.0,0.9999999992158358,1.0,-0.0,0,1
0.0,1.0,0.934156378600823,1.0,1,0,0
0.0,1.0,0.9913292350420836,1.0,1,0,1
0.0,1.0,0.9988581708697393,1.0,1,1,1
0.0,1.0,0.999849635670089,1.0,1,0,1
0.0,1.0,0.9999801989359789,1.0,1,0,1
0.0,1.0,0.9999973924524745,1.0,1,0,1
0.0,1.0,0.9999996566192557,1.0,1,1,1
0.0,1.0,0.9999999547811367,1.0,1,0,1
0.0,1.0,0.9999999940452525,1.0,1,0,1
0.0,1.0,0.9999999992158358,1.0,1,0,1
0.0,1.0,0.9999999998967357,1.0,1,0,1
0.0,1.0,0.9999999999864013,1.0,1,1,1
0.0,1.0,0.9999999999982091,1.0,1,0,1
0.0,1.0,0.9999999999997641,1.0,1,0,1
1.0,1.0,0.0,1.0,1,0,0
0.0,0.5,0.934156378600823,1.0,1,0,0
0.0,0.5,0.9913292350420836,1.0,1,0,1
0.0,0.5,0.9988581708697393,1.0,1,1,1
0.0,0.5,0.999849635670089,1.0,1,0,1
0.0,0.5,0.9999801989359789,1.0,1,0,1
0.0,0.5,0.9999973924524745,1.0,1,0,1
0.0,0.5,0.9999996566192557,1.0,1,1,1
0.0,0.5,0.9999999547811367,1.0,1,0,1
1.0,0.5,0.0,1.0,1,0,0
0.0,0.5,0.934156378600823,1.0,1,0,0
0.0,0.5,0.9913292350420836,1.0,1,0,1
0.0,0.5,0.9988581708697393,1.0,1,0,1
0.0,0.5,0.999849635670089,1.0,1,0,1
0.0,0.5,0.9999801989359789,1.0,1,0,1
0.0,0.5,0.9999973924524745,1.0,1,0,1
1.0,0.5,0.39999958794310686,1.0,-0.42983868013458276,0,0
0.0,0.0,0.934156378600823,1.0,1,0,0
0.0,0.0,0.9913292350420836,1.0,1,0,1
0.0,0.0,0.9988581708697393,1.0,1,0,1
0.0,0.0,0.999849635670089,1.0,1,0,1
0.0,0.0,0.9999801989359789,1.0,1,0,1
1.0,0.0,0.0,1.0,-2.2737367544323207e-14,0,0
0.0,0.0,0.934156378600823,1.0,1,0,0
0.0,0.0,0.9913292350420836,1.0,1,0,1
0.0,0.0,0.9988581708697393,1.0,1,0,1
0.0,0.0,0.999849635670089,1.0,1,0,1
1.0,0.0,0.0,1.0,1,0,0
0.0,0.0,0.934156378600823,1.0,1,0,0
0.0,0.0,0.9913292350420836,1.0,1,0,1
0.0,0.0,0.9988581708697393,1.0,1,0,1
0.0,0.0,0.999849635670089,1.0,1,0,1
0.0,0.0,0.9999801989359789,1.0,1,0,1
0.0,0.0,0.9999973924524745,1.0,1,0,1
0.0,0.0,0.9999996566192557,1.0,1,0,1
0.0,0.0,0.9999999547811367,1.0,1,0,1
1.0,0.0,0.9999999940452525,1.0,-0.0,0,1
0.0,0.0,0.934156378600823,1.0,1,0,0
0.0,0.0,0.9913292350420836,1.0,1,0,1
0.0,0.0,0.9988581708697393,1.0,1,0,1
0.0,0.0,0.999849635670089,1.0,1,0,1
0.0,0.0,0.9999801989359789,1.0,1,0,1
0.0,0.0,0.9999973924524745,1.0,1,0,1
0.0,0.0,0.9999996566192557,1.0,1,0,1
0.0,0.0,0.9999999547811367,1.0,1,0,1
0.0,0.0,0.9999999940452525,1.0,1,0,1
0.0,0.0,0.9999999992158358,1.0,1,0,1
0.0,0.0,0.9999999998967357,1.0,1,0,1
0.0,0.0,0.9999999999864013,1.0,1,0,1
1.0,0.0,0.0,1.0,-0.764360465329014,0,0
0.0,1.0,0.934156378600823,1.0,1,0,0
0.0,1.0,0.9913292350420836,1.0,1,0,1
0.0,1.0,0.9988581708697393,1.0,1,0,1
0.0,1.0,0.999849635670089,1.0,1,1,1
0.0,1.0,0.9999801989359789,1.0,1,0,1
0.0,0.5,0.9982273985227141,1.0,1,0,1
1.0,0.0,0.0,1.0,1,1,0
0.0,1.0,0.934156378600823,1.0,1,0,0
0.0,1.0,0.9913292350420836,1.0,1,0,1
0.0,1.0,0.9988581708697393,1.0,1,0,1
0.0,1.0,0.999849635670089,1.0,1,1,1
1.0,1.0,0.9999801989359789,1.0,-0.0,0,1
0.0,0.5,0.934156378600823,1.0,1,0,0
0.0,0.5,0.9913292350420836,1.0,1,0,1
0.0,0.5,0.9988581708697393,1.0,1,0,1
0.0,0.5,0.999849635670089,1.0,1,1,1
0.0,0.5,0.9999801989359789,1.0,1,0,1
0.0,0.5,0.9999973924524745,1.0,1,0,1
0.0,0.5,0.9999996566192557,1.0,1,0,1
0.0,0.5,0.9999999547811367,1.0,1,0,1
1.0,0.5,0.0,1.0,-1.1368683772161604e-14,0,0
0.0,1.0,0.934156378600823,1.0,1,0,0
0.0,1.0,0.9913292350420836,1.0,1,0,1
0.0,1.0,0.9988581708697393,1.0,1,0,1
0.0,1.0,0.999849635670089,1.0,1,1,1
0.0,1.0,0.9999801989359789,1.0,1,0,1
1.0,1.0,0.0,1.0,-0.0,0,0
0.0,0.5,0.934156378600823,1.0,1,0,0
0.0,0.5,0.9913292350420836,1.0,1,0,1
0.0,0.5,0.9988581708697393,1.0,1,0,1
0.0,0.5,0.999849635670089,1.0,1,0,1
0.0,0.5,0.9999801989359789,1.0,1,0,1
0.0,0.5,0.9999973924524745,1.0,1,0,1
0.0,0.5,0.9999996566192557,1.0,1,0,1
0.0,0.5,0.9999999547811367,1.0,1,0,1
0.0,0.5,0.9999999940452525,1.0,1,1,1
0.0,0.5,0.9999999992158358,1.0,1,0,1
0.0,0.5,0.9999999998967357,1.0,1,0,1
0.0,0.5,0.9999999999864013,1.0,1,0,1
1.0,0.5,0.0,1.0,-0.7335262828782788,0,0
0.0,0.5,0.934156378600823,1.0,1,0,0
0.0,0.5,0.9913292350420836,1.0,1,0,1
0.0,0.5,0.9988581708697393,1.0,1,0,1
0.0,0.5,0.999849635670089,1.0,1,1,1
0.0,0.5,0.9999801989359789,1.0,1,0,1
0.0,0.5,0.9999973924524745,1.0,1,0,1
0.0,0.5,0.9999996566192557,1.0,1,0,1
1.0,0.0,0.0,1.0,1,0,0
0.0,1.0,0.934156378600823,1.0,1,0,0
0.0,1.0,0.9913292350420836,1.0,1,0,1
0.0,1.0,0.9988581708697393,1.0,1,0,1
0.0,1.0,0.999849635670089,1.0,1,1,1
0.0,1.0,0.9999801989359789,1.0,1,0,1
1.0,1.0,0.0,1.0,-0.0,1,0
0.0,0.5,0.934156378600823,1.0,1,0,0
0.0,0.5,0.9913292350420836,1.0,1,0,1
0.0,0.5,0.9988581708697393,1.0,1,1,1
0.0,0.5,0.999849635670089,1.0,1,0,1
0.0,0.5,0.9999801989359789,1.0,1,0,1
0.0,0.5,0.9999973924524745,1.0,1,0,1
0.0,0.5,0.9999996566192557,1.0,1,0,1
1.0,0.0,0.9982299500379153,1.0,-0.4103533567793079,0,1
0.0,0.0,0.934156378600823,1.0,1,0,0
0.0,0.0,0.9913292350420836,1.0,1,0,1
0.0,0.0,0.9988581708697393,1.0,1,0,1
0.0,0.0,0.999849635670089,1.0,1,0,1
0.0,0.0,0.9999801989359789,1.0,1,0,1
0.0,0.0,0.9999973924524745,1.0,1,0,1
0.0,0.0,0.9999996566192557,1.0,1,0,1
0.0,0.0,0.9999999547811367,1.0,1,0,1
0.0,0.0,0.9999999940452525,1.0,1,0,1
0.0,0.0,0.9999999992158358,1.0,1,0,1
1.0,0.0,0.0,1.0,1,0,0
0.0,0.0,0.934156378600823,1.0,1,0,0
0.0,0.0,0.9913292350420836,1.0,1,0,1
0.0,0.0,0.9988581708697393,1.0,1,0,1
0.0,0.0,0.999849635670089,1.0,1,0,1
0.0,0.0,0.9999801989359789,1.0,1,0,1
0.0,0.0,0.9999973924524745,1.0,1,0,1
0.0,0.0,0.9999996566192557,1.0,1,0,1
1.0,0.0,0.0,1.0,1,0,0
0.0,1.0,0.934156378600823,1.0,1,0,0
0.0,1.0,0.9913292350420836,1.0,1,0,1
0.0,1.0,0.9988581708697393,1.0,1,1,1
0.0,1.0,0.999849635670089,1.0,1,0,1
0.0,1.0,0.9999801989359789,1.0,1,0,1
1.0,0.5,0.0,1.0,1,0,0
0.0,1.0,0.934156378600823,1.0,1,0,0
0.0,1.0,0.9913292350420836,1.0,1,0,1
0.0,1.0,0.9988581708697393,1.0,1,0,1
0.0,1.0,0.999849635670089,1.0,1,1,1
0.0,1.0,0.9999801989359789,1.0,1,0,1
0.0,1.0,0.9999973924524745,1.0,1,0,1
0.0,1.0,0.9999996566192557,1.0,1,0,1
1.0,1.0,0.0,1.0,-0.0,0,0
0.0,0.5,0.934156378600823,1.0,1,0,0
0.0,0.5,0.9913292350420836,1.0,1,0,1
0.0,0.5,0.9988581708697393,1.0,1,0,1
0.0,0.5,0.999849635670089,1.0,1,1,1
0.0,0.5,0.9999801989359789,1.0,1,0,1
0.0,0.5,0.9999973924524745,1.0,1,1,1
0.0,0.5,0.9999996566192557,1.0,1,0,1
0.0,0.5,0.9999999547811367,1.0,1,0,1
0.0,0.5,0.9999999940452525,1.0,1,1,1
0.0,0.5,0.9999999992158358,1.0,1,0,1
0.0,0.5,0.9999999998967357,1.0,1,0,1
0.0,0.5,0.9999999999864013,1.0,1,1,1
0.0,0.5,0.9999999999982091,1.0,1,0,1
0.0,0.5,0.9999999999997641,1.0,1,0,1
0.0,0.5,0.9999999999999691,1.0,1,0,1
0.0,0.5,0.9999999999999961,1.0,1,0,1
0.0,0.5,0.9999999999999997,1.0,1,1,1
0.0,0.5,0.9999999999999997,1.0,1,0,1
0.0,0.5,0.9999999999999997,1.0,1,0,1
0.0,0.5,0.9999999999999997,1.0,1,0,1
0.0,0.5,0.9999999999999997,1.0,1,0,1
0.0,0.5,0.9999999999999997,1.0,1,0,1
0.0,0.5,0.9999999999999997,1.0,1,0,1
0.0,0.5,0.9999999999999997,1.0,1,0,1
1.0,0.5,0.0,1.0,-0.0,0,0
0.0,0.5,0.934156378600823,1.0,1,0,0
0.0,0.5,0.9913292350420836,1.0,1,0,1
0.0,0.5,0.9988581708697393,1.0,1,1,1
0.0,0.5,0.999849635670089,1.0,1,0,1
0.0,0.5,0.9999801989359789,1.0,1,0,1
1.0,0.5,0.9999973924524745,1.0,-0.0,0,1
0.0,0.5,0.934156378600823,1.0,1,0,0
0.0,0.5,0.9913292350420836,1.0,1,0,1
0.0,0.5,0.9988581708697393,1.0,1,0,1
0.0,0.5,0.999849635670089,1.0,1,1,1
0.0,0.0,0.9982102775676225,1.0,1,0,1
0.0,0.0,0.9999969722675928,1.0,1,0,1
0.0,0.0,0.9999996566164903,1.0,1,0,1
0.0,0.0,0.9999999547810944,1.0,1,0,1
0.0,0.0,0.9999999940452525,1.0,1,0,1
0.0,0.0,0.9999999992158358,1.0,1,0,1
1.0,0.0,0.0,1.0,1,0,0
0.0,0.5,0.934156378600823,1.0,1,0,0
0.0,0.5,0.9913292350420836,1.0,1,0,1
0.0,0.5,0.9988581708697393,1.0,1,0,1
0.0,0.5,0.999849635670089,1.0,1,1,1
0.0,0.0,0.9982102775676225,1.0,1,0,1
0.0,0.0,0.9999969722675928,1.0,1,0,1
0.0,0.0,0.9999996566164903,1.0,1,0,1
0.0,0.0,0.9999999547810944,1.0,1,0,1
0.0,0.0,0.9999999940452525,1.0,1,0,1
0.0,0.0,0.9999999992158358,1.0,1,0,1
1.0,0.0,0.0,1.0,-0.9829938989873426,0,0
0.0,1.0,0.934156378600823,1.0,1,0,0
0.0,1.0,0.9913292350420836,1.0,1,0,1
1.0,1.0,0.0,1.0,-0.0,0,0
0.0,1.0,0.934156378600823,1.0,1,0,0
0.0,1.0,0.9913292350420836,1.0,1,0,1
1.0,1.0,0.0,1.0,1,0,0
0.0,0.5,0.934156378600823,1.0,1,0,0
0.0,0.5,0.9913292350420836,1.0,1,0,1
0.0,0.5,0.9988581708697393,1.0,1,0,1
0.0,0.5,0.999849635670089,1.0,1,0,1
0.0,0.5,0.9999801989359789,1.0,1,0,1
0.0,0.5,0.9999973924524745,1.0,1,1,1
0.0,0.5,0.9999996566192557,1.0,1,0,1
0.0,0.5,0.9999999547811367,1.0,1,0,1
0.0,0.5,0.9999999940452525,1.0,1,0,1
1.0,0.5,0.0,1.0,-0.0,0,0
0.0,1.0,0.934156378600823,1.0,1,0,0
0.0,1.0,0.9913292350420836,1.0,1,0,1
0.0,1.0,0.9988581708697393,1.0,1,1,1
0.0,1.0,0.999849635670089,1.0,1,0,1
0.0,1.0,0.9999801989359789,1.0,1,0,1
1.0,1.0,0.0,1.0,1,0,0
0.0,1.0,0.934156378600823,1.0,1,0,0
0.0,1.0,0.9913292350420836,1.0,1,0,1
0.0,1.0,0.9988581708697393,1.0,1,0,1
0.0,1.0,0.999849635670089,1.0,1,1,1
0.0,1.0,0.9999801989359789,1.0,1,0,1
0.0,1.0,0.9999973924524745,1.0,1,1,1
1.0,1.0,0.0,1.0,1,0,0
0.0,1.0,0.934156378600823,1.0,1,0,0
0.0,1.0,0.9913292350420836,1.0,1,0,1
1.0,1.0,0.0,1.0,1,0,0
0.0,0.0,0.934156378600823,1.0,1,0,0
0.0,0.0,0.9913292350420836,1.0,1,0,1
0.0,0.0,0.9988581708697393,1.0,1,0,1
0.0,0.0,0.999849635670089,1.0,1,0,1
0.0,0.0,0.9999801989359789,1.0,1,0,1
0.0,0.0,0.9999973924524745,1.0,1,0,1
0.0,0.0,0.9999996566192557,1.0,1,0,1
0.0,0.0,0.9999999547811367,1.0,1,0,1
1.0,0.0,0.9999999940452525,1.0,1,0,1
0.0,1.0,0.934156378600823,1.0,1,0,0
0.0,1.0,0.9913292350420836,1.0,1,0,1
0.0,1.0,0.9988581708697393,1.0,1,0,1
0.0,1.0,0.999849635670089,1.0,1,1,1
0.0,1.0,0.9999801989359789,1.0,1,0,1
0.0,1.0,0.9999973924524745,1.0,1,1,1
1.0,1.0,0.39999958794310686,1.0,-0.4348301630962851,0,0
0.0,0.0,0.934156378600823,1.0,1,0,0
0.0,0.0,0.9913292350420836,1.0,1,0,1
0.0,0.0,0.9988581708697393,1.0,1,0,1
0.0,0.0,0.999849635670089,1.0,1,0,1
0.0,0.0,0.9999801989359789,1.0,1,0,1
0.0,0.0,0.9999973924524745,1.0,1,0,1
1.0,0.0,0.9999996566192557,1.0,-0.0,0,1
0.0,0.5,0.934156378600823,1.0,1,0,0
0.0,0.5,0.9913292350420836,1.0,1,0,1
0.0,0.5,0.9988581708697393,1.0,1,0,1
0.0,0.5,0.999849635670089,1.0,1,0,1
0.0,0.5,0.9999801989359789,1.0,1,0,1
0.0,0.5,0.9999973924524745,1.0,1,0,1
1.0,0.0,0.0,1.0,1,0,0
0.0,1.0,0.934156378600823,1.0,1,0,0
0.0,1.0,0.9913292350420836,1.0,1,0,1
0.0,1.0,0.9988581708697393,1.0,1,1,1
0.0,1.0,0.999849635670089,1.0,1,0,1
1.0,1.0,0.0,1.0,-0.0,0,0
0.0,0.5,0.934156378600823,1.0,1,0,0
0.0,0.5,0.9913292350420836,1.0,1,0,1
0.0,0.5,0.9988581708697393,1.0,1,0,1
0.0,0.5,0.999849635670089,1.0,1,0,1
0.0,0.5,0.9999801989359789,1.0,1,1,1
0.0,0.5,0.9999973924524745,1.0,1,0,1
0.0,0.5,0.9999996566192557,1.0,1,0,1
0.0,0.5,0.9999999547811367,1.0,1,0,1
0.0,0.0,0.9982299891363304,1.0,1,0,1
1.0,0.0,0.0,1.0,1,0,0
0.0,0.5,0.934156378600823,1.0,1,0,0
0.0,0.5,0.9913292350420836,1.0,1,0,1
0.0,0.5,0.9988581708697393,1.0,1,0,1
0.0,0.5,0.999849635670089,1.0,1,0,1
0.0,0.5,0.9999801989359789,1.0,1,1,1
0.0,0.5,0.9999973924524745,1.0,1,0,1
0.0,0.5,0.9999996566192557,1.0,1,1,1
0.0,0.5,0.9999999547811367,1.0,1,0,1
0.0,0.5,0.9999999940452525,1.0,1,0,1
0.0,0.5,0.9999999992158358,1.0,1,0,1
0.0,0.5,0.9999999998967357,1.0,1,0,1
1.0,0.5,0.0,1.0,-0.0,0,0
0.0,0.5,0.934156378600823,1.0,1,0,0
0.0,0.5,0.9913292350420836,1.0,1,0,1
0.0,0.5,0.9988581708697393,1.0,1,0,1
0.0,0.5,0.999849635670089,1.0,1,0,1
0.0,0.5,0.9999801989359789,1.0,1,0,1
0.0,0.5,0.9999973924524745,1.0,1,0,1
0.0,0.5,0.9999996566192557,1.0,1,0,1
0.0,0.5,0.9999999547811367,1.0,1,1,1
1.0,0.5,0.0,1.0,1,0,0
0.0,1.0,0.934156378600823,1.0,1,0,0
0.0,1.0,0.9913292350420836,1.0,1,0,1
0.0,1.0,0.9988581708697393,1.0,1,0,1
0.0,1.0,0.999849635670089,1.0,1,1,1
0.0,1.0,0.9999801989359789,1.0,1,0,1
1.0,1.0,0.0,1.0,-2.2737367544323207e-14,0,0
0.0,0.0,0.934156378600823,1.0,1,0,0
0.0,0.0,0.9913292350420836,1.0,1,0,1
0.0,0.0,0.9988581708697393,1.0,1,0,1
0.0,0.0,0.999849635670089,1.0,1,0,1
1.0,0.0,0.9999801989359789,1.0,-2.2737367544323207e-14,0,1
0.0,1.0,0.934156378600823,1.0,1,0,0
0.0,1.0,0.9913292350420836,1.0,1,0,1
0.0,1.0,0.9988581708697393,1.0,1,0,1
0.0,1.0,0.999849635670089,1.0,1,1,1
0.0,1.0,0.9999801989359789,1.0,1,0,1
1.0,1.0,0.0,1.0,-0.922287036727073,1,0
0.0,0.0,0.934156378600823,1.0,1,0,0
0.0,0.0,0.9913292350420836,1.0,1,0,1
0.0,0.0,0.9988581708697393,1.0,1,0,1
0.0,0.0,0.999849635670089,1.0,1,0,1
0.0,0.0,0.9999801989359789,1.0,1,0,1
0.0,0.0,0.9999973924524745,1.0,1,0,1
0.0,0.0,0.9999996566192557,1.0,1,0,1
0.0,0.0,0.9999999547811367,1.0,1,0,1
0.0,0.0,0.9999999940452525,1.0,1,0,1
0.0,0.0,0.9999999992158358,1.0,1,0,1
0.0,0.0,0.9999999998967357,1.0,1,0,1
1.0,0.0,0.0,1.0,-0.0,0,0
0.0,1.0,0.934156378600823,1.0,1,0,0
0.0,1.0,0.9913292350420836,1.0,1,0,1
0.0,1.0,0.9988581708697393,1.0,1,1,1
0.0,1.0,0.999849635670089,1.0,1,0,1
1.0,1.0,0.0,1.0,-0.7710880463269063,0,0
0.0,0.5,0.934156378600823,1.0,1,0,0
0.0,0.5,0.9913292350420836,1.0,1,0,1
0.0,0.5,0.9988581708697393,1.0,1,0,1
0.0,0.5,0.999849635670089,1.0,1,0,1
0.0,0.5,0.9999801989359789,1.0,1,0,1
0.0,0.5,0.9999973924524745,1.0,1,0,1
0.0,0.5,0.9999996566192557,1.0,1,1,1
0.0,0.0,0.9982299500379153,1.0,1,0,1
0.0,0.0,0.9999995738040773,1.0,1,0,1
0.0,0.0,0.9999999992130718,1.0,1,0,1
1.0,0.0,0.0,1.0,1,0,0
0.0,1.0,0.934156378600823,1.0,1,0,0
0.0,1.0,0.9913292350420836,1.0,1,0,1
1.0,1.0,0.9988581708697393,1.0,-0.4200418668209579,0,1
0.0,1.0,0.934156378600823,1.0,1,0,0
0.0,1.0,0.9913292350420836,1.0,1,0,1
0.0,1.0,0.9988581708697393,1.0,1,1,1
0.0,1.0,0.999849635670089,1.0,1,0,1
0.0,1.0,0.9999801989359789,1.0,1,0,1
0.0,1.0,0.9999973924524745,1.0,1,0,1
0.0,1.0,0.9999996566192557,1.0,1,1,1
1.0,1.0,0.0,1.0,-0.0,0,0
0.0,0.5,0.934156378600823,1.0,1,0,0
0.0,0.5,0.9913292350420836,1.0,1,0,1
0.0,0.5,0.9988581708697393,1.0,1,0,1
0.0,0.5,0.999849635670089,1.0,1,0,1
0.0,0.5,0.9999801989359789,1.0,1,0,1
0.0,0.5,0.9999973924524745,1.0,1,0,1
0.0,0.5,0.9999996566192557,1.0,1,0,1
0.0,0.5,0.9999999547811367,1.0,1,1,1
0.0,0.5,0.9999999940452525,1.0,1,0,1
0.0,0.5,0.9999999992158358,1.0,1,0,1
0.0,0.5,0.9999999998967357,1.0,1,0,1
1.0,0.5,0.3999999999836817,1.0,-0.41583195485957275,0,0
0.0,0.0,0.934156378600823,1.0,1,0,0
0.0,0.0,0.9913292350420836,1.0,1,0,1
0.0,0.0,0.9988581708697393,1.0,1,0,1
0.0,0.0,0.999849635670089,1.0,1,0,1
0.0,0.0,0.9999801989359789,1.0,1,0,1
0.0,0.0,0.9999973924524745,1.0,1,0,1
1.0,0.0,0.0,1.0,-0.8562269936152915,0,0
0.0,0.0,0.934156378600823,1.0,1,0,0
0.0,0.0,0.9913292350420836,1.0,1,0,1
0.0,0.0,0.9988581708697393,1.0,1,0,1
0.0,0.0,0.999849635670089,1.0,1,0,1
1.0,0.0,0.0,1.0,1,0,0
0.0,1.0,0.934156378600823,1.0,1,0,0
0.0,1.0,0.9913292350420836,1.0,1,0,1
0.0,1.0,0.9988581708697393,1.0,1,1,1
0.0,1.0,0.999849635670089,1.0,1,0,1
0.0,1.0,0.9999801989359789,1.0,1,0,1
1.0,1.0,0.39999687094296943,1.0,-0.4816446064095999,0,0
0.0,1.0,0.934156378600823,1.0,1,0,0
0.0,1.0,0.9913292350420836,1.0,1,0,1
1.0,1.0,0.9988581708697393,1.0,-0.0,0,1
0.0,0.5,0.934156378600823,1.0,1,0,0
0.0,0.5,0.9913292350420836,1.0,1,0,1
0.0,0.5,0.9988581708697393,1.0,1,1,1
0.0,0.5,0.999849635670089,1.0,1,0,1
0.0,0.5,0.9999801989359789,1.0,1,0,1
0.0,0.5,0.9999973924524745,1.0,1,0,1
0.0,0.5,0.9999996566192557,1.0,1,1,1
0.0,0.5,0.9999999547811367,1.0,1,0,1
1.0,0.5,0.399999992854303,1.0,-0.42916114084713397,0,0
0.0,1.0,0.934156378600823,1.0,1,0,0
0.0,1.0,0.9913292350420836,1.0,1,0,1
0.0,1.0,0.9988581708697393,1.0,1,1,1
1.0,1.0,0.3998195628041067,1.0,-0.5115272174196093,0,0
0.0,0.0,0.934156378600823,1.0,1,0,0
0.0,0.0,0.9913292350420836,1.0,1,0,1
0.0,0.0,0.9988581708697393,1.0,1,0,1
0.0,0.0,0.999849635670089,1.0,1,0,1
0.0,0.0,0.9999801989359789,1.0,1,0,1
0.0,0.0,0.9999973924524745,1.0,1,0,1
0.0,0.0,0.9999996566192557,1.0,1,0,1
0.0,0.0,0.9999999547811367,1.0,1,0,1
0.0,0.0,0.9999999940452525,1.0,1,0,1
0.0,0.0,0.9999999992158358,1.0,1,0,1
0.0,0.0,0.9999999998967357,1.0,1,0,1
1.0,0.0,0.9999999999864013,1.0,-1.1368683772161604e-14,0,1
0.0,0.5,0.934156378600823,1.0,1,0,0
0.0,0.5,0.9913292350420836,1.0,1,0,1
1.0,0.5,0.9988581708697393,1.0,-0.0,0,1
0.0,0.0,0.934156378600823,1.0,1,0,0
0.0,0.0,0.9913292350420836,1.0,1,0,1
0.0,0.0,0.9988581708697393,1.0,1,0,1
0.0,0.0,0.999849635670089,1.0,1,0,1
0.0,0.0,0.9999801989359789,1.0,1,0,1
0.0,0.0,0.9999973924524745,1.0,1,0,1
1.0,0.0,0.9999996566192557,1.0,1,0,1
0.0,0.0,0.934156378600823,1.0,1,0,0
0.0,0.0,0.9913292350420836,1.0,1,0,1
0.0,0.0,0.9988581708697393,1.0,1,0,1
0.0,0.0,0.999849635670089,1.0,1,0,1
0.0,0.0,0.9999801989359789,1.0,1,0,1
0.0,0.0,0.9999973924524745,1.0,1,0,1
0.0,0.0,0.9999996566192557,1.0,1,0,1
0.0,0.0,0.9999999547811367,1.0,1,0,1
0.0,0.0,0.9999999940452525,1.0,1,0,1
1.0,0.0,0.0,1.0,-0.0,0,0
0.0,0.5,0.934156378600823,1.0,1,0,0
0.0,0.5,0.9913292350420836,1.0,1,0,1
0.0,0.5,0.9988581708697393,1.0,1,0,1
0.0,0.5,0.999849635670089,1.0,1,0,1
0.0,0.5,0.9999801989359789,1.0,1,1,1
0.0,0.5,0.9999973924524745,1.0,1,0,1
0.0,0.5,0.9999996566192557,1.0,1,0,1
0.0,0.5,0.9999999547811367,1.0,1,0,1
1.0,0.0,0.0,1.0,-0.7144378887376319,0,0
0.0,0.5,0.934156378600823,1.0,1,0,0
0.0,0.5,0.9913292350420836,1.0,1,0,1
0.0,0.5,0.9988581708697393,1.0,1,0,1
0.0,0.5,0.999849635670089,1.0,1,0,1
0.0,0.5,0.9999801989359789,1.0,1,0,1
0.0,0.5,0.9999973924524745,1.0,1,1,1
0.0,0.0,0.9982296531343241,1.0,1,0,1
0.0,0.0,0.9999995345408113,1.0,1,0,1
1.0,0.0,0.9999999940424885,1.0,1,0,1
0.0,0.0,0.934156378600823,1.0,1,0,0
0.0,0.0,0.9913292350420836,1.0,1,0,1
0.0,0.0,0.9988581708697393,1.0,1,0,1
0.0,0.0,0.999849635670089,1.0,1,0,1
0.0,0.0,0.9999801989359789,1.0,1,0,1
0.0,0.0,0.9999973924524745,1.0,1,0,1
0.0,0.0,0.9999996566192557,1.0,1,0,1
0.0,0.0,0.9999999547811367,1.0,1,0,1
0.0,0.0,0.9999999940452525,1.0,1,0,1
1.0,0.0,0.0,1.0,-0.0,0,0
0.0,1.0,0.934156378600823,1.0,1,0,0
0.0,1.0,0.9913292350420836,1.0,1,0,1
0.0,1.0,0.9988581708697393,1.0,1,1,1
0.0,1.0,0.999849635670089,1.0,1,0,1
0.0,1.0,0.9999801989359789,1.0,1,1,1
0.0,1.0,0.9999973924524745,1.0,1,0,1
0.0,1.0,0.9999996566192557,1.0,1,0,1
0.0,1.0,0.9999999547811367,1.0,1,0,1
0.0,1.0,0.9999999940452525,1.0,1,0,1
0.0,1.0,0.9999999992158358,1.0,1,1,1
0.0,1.0,0.9999999998967357,1.0,1,0,1
0.0,1.0,0.9999999999864013,1.0,1,0,1
1.0,1.0,0.9999999999982091,1.0,-0.0,0,1
0.0,1.0,0.934156378600823,1.0,1,0,0
0.0,1.0,0.9913292350420836,1.0,1,0,1
0.0,1.0,0.9988581708697393,1.0,1,1,1
0.0,1.0,0.999849635670089,1.0,1,0,1
0.0,1.0,0.9999801989359789,1.0,1,0,1
0.0,1.0,0.9999973924524745,1.0,1,1,1
0.0,1.0,0.9999996566192557,1.0,1,0,1
0.0,1.0,0.9999999547811367,1.0,1,1,1
0.0,1.0,0.9999999940452525,1.0,1,0,1
1.0,1.0,0.0,1.0,1,0,0
0.0,0.0,0.934156378600823,1.0,1,0,0
0.0,0.0,0.9913292350420836,1.0,1,0,1
1.0,0.0,0.9988581708697393,1.0,-0.0,0,1
0.0,0.5,0.934156378600823,1.0,1,0,0
0.0,0.5,0.9913292350420836,1.0,1,0,1
0.0,0.5,0.9988581708697393,1.0,1,0,1
0.0,0.5,0.999849635670089,1.0,1,0,1
0.0,0.5,0.9999801989359789,1.0,1,0,1
0.0,0.5,0.9999973924524745,1.0,1,1,1
0.0,0.5,0.9999996566192557,1.0,1,0,1
0.0,0.5,0.9999999547811367,1.0,1,0,1
0.0,0.5,0.9999999940452525,1.0,1,0,1
0.0,0.5,0.9999999992158358,1.0,1,0,1
0.0,0.5,0.9999999998967357,1.0,1,0,1
0.0,0.5,0.9999999999864013,1.0,1,0,1
0.0,0.5,0.9999999999982091,1.0,1,0,1
0.0,0.5,0.9999999999997641,1.0,1,1,1
1.0,0.5,0.9999999999999691,1.0,-0.0,0,1
0.0,1.0,0.934156378600823,1.0,1,0,0
0.0,1.0,0.9913292350420836,1.0,1,0,1
0.0,1.0,0.9988581708697393,1.0,1,0,1
0.0,1.0,0.999849635670089,1.0,1,1,1
1.0,1.0,0.0,1.0,-0.8136510812850133,0,0
0.0,0.5,0.934156378600823,1.0,1,0,0
0.0,0.5,0.9913292350420836,1.0,1,0,1
0.0,0.5,0.9988581708697393,1.0,1,0,1
0.0,0.5,0.999849635670089,1.0,1,0,1
0.0,0.5,0.9999801989359789,1.0,1,0,1
0.0,0.5,0.9999973924524745,1.0,1,0,1
0.0,0.5,0.9999996566192557,1.0,1,1,1
0.0,0.5,0.9999999547811367,1.0,1,0,1
1.0,0.5,0.0,1.0,-0.788008176111964,0,0
